episode,reward,avg reward,tiles,avg tiles,completed,avg completed,epsilon
0,-67.38104969751977,-67.38104969751977,11,11.0,,,1.0
1,-57.910642171011844,-62.64584593426581,9,10.0,,,1.0
2,-20.161559389238988,-48.48441708592353,10,10.0,,,1.0
3,-60.27451659289172,-51.43194196266558,10,10.0,,,1.0
4,-67.66975799389986,-54.67950516891244,11,10.2,,,1.0
5,-16.613387821438643,-48.335152277666815,13,10.666666666666666,,,1.0
6,-63.59508138044939,-50.515142149492895,9,10.428571428571429,,,1.0
7,-33.22892998852571,-48.354365629372,10,10.375,,,1.0
8,-19.52928992955314,-45.15157944050324,11,10.444444444444445,,,1.0
9,-66.82931685920354,-47.31935318237326,9,10.3,,,1.0
10,-62.48956819766804,-48.69846363830916,11,10.363636363636363,,,1.0
11,-30.37331370088774,-47.1713678101907,11,10.416666666666666,,,1.0
12,-70.53757489863467,-48.96876835545562,11,10.461538461538462,,,1.0
13,-45.634915671373236,-48.730636020878315,10,10.428571428571429,,,1.0
14,-32.39251371957178,-47.64142786745788,12,10.533333333333333,,,1.0
15,-40.594847490389554,-47.2010165938911,11,10.5625,,,1.0
16,-39.217425726800556,-46.7313936017093,11,10.588235294117647,,,1.0
17,-60.495412854956825,-47.49606133800083,11,10.61111111111111,,,1.0
18,-46.17416363344485,-47.42648777460315,12,10.68421052631579,,,1.0
19,-42.786423481719844,-47.19448455995898,11,10.7,,,1.0
20,-39.20201883059885,-46.813890953798975,12,10.761904761904763,,,0.9670698333333333
21,-40.25908206370608,-46.515945095158386,11,10.772727272727273,,,0.9654865
22,-70.19817706394466,-47.545607354670835,11,10.782608695652174,,,0.9639031666666666
23,-32.14359199399251,-46.903856714642565,11,10.791666666666666,,,0.9623198333333334
24,-18.527806119846932,-45.76881469085074,12,10.84,,,0.9607365
25,-25.77232828726974,-44.999719059943786,12,10.884615384615385,,,0.9591531666666666
26,-40.376073973056656,-44.82847294561463,12,10.925925925925926,,,0.9575698333333333
27,-44.85762754149091,-44.82951418118164,13,11.0,,,0.9559865
28,-65.62207615457743,-45.54649907681598,10,10.96551724137931,,,0.9544031666666667
29,-73.84474692046338,-46.48977400493756,14,11.066666666666666,,,0.9528198333333333
30,-29.25525115151075,-45.933821654827014,11,11.064516129032258,,,0.9512365
31,-36.58363149930714,-45.641628212467026,11,11.0625,,,0.9496531666666667
32,-48.87051045842325,-45.73947312901115,12,11.090909090909092,,,0.9480698333333333
33,-69.39885126045732,-46.43533719170075,11,11.088235294117647,,,0.9464865
34,-68.73103295705711,-47.07235707071093,11,11.085714285714285,,,0.9449031666666666
35,-73.54485311453912,-47.80770418303949,12,11.11111111111111,,,0.9433198333333334
36,-47.987106590518124,-47.81255289675513,15,11.216216216216216,,,0.9417365
37,-28.659795990302978,-47.30853297816428,11,11.210526315789474,,,0.9401531666666667
38,-61.740515728155316,-47.67858381790764,8,11.128205128205128,,,0.93910975
39,-14.392552391099546,-46.84643303223744,16,11.25,,,0.9375264166666667
40,-65.28562296137919,-47.2961693719726,12,11.268292682926829,,,0.9359430833333333
41,-24.999912272930555,-46.7653061077097,12,11.285714285714286,,,0.93435975
42,-82.10000000000038,-47.58704317497227,7,11.186046511627907,,,0.93335275
43,-45.51502765731247,-47.539951913207275,12,11.204545454545455,,,0.9317694166666667
44,-53.96439997214103,-47.68271742562803,13,11.244444444444444,,,0.9301860833333333
45,-40.550227933121064,-47.527663306225705,14,11.304347826086957,,,0.92860275
46,-94.05340973733553,-48.51757280475996,11,11.297872340425531,,,0.9271555833333334
47,-63.61843684373627,-48.832174138905295,11,11.291666666666666,,,0.92557225
48,-24.635253754488392,-48.338359437182504,13,11.326530612244898,,,0.9239889166666666
49,-35.37352306755144,-48.07906270978989,13,11.36,,,0.9224055833333333
50,-14.501706003438061,-47.420683166528086,18,11.490196078431373,,,0.92082225
51,-38.209991222899006,-47.24355447530445,14,11.538461538461538,,,0.9192389166666667
52,-33.406183278666425,-46.982471999896184,13,11.566037735849056,,,0.9176555833333333
53,-63.66385369784306,-47.291386475784094,10,11.537037037037036,,,0.91607225
54,-42.539778892287934,-47.204993610629614,14,11.581818181818182,,,0.9144889166666667
55,-61.312112103261285,-47.45690644085518,10,11.553571428571429,,,0.9129055833333333
56,-60.85588113538368,-47.69197617233814,12,11.56140350877193,,,0.91132225
57,-43.019428862909805,-47.61141501183076,15,11.620689655172415,,,0.9097389166666666
58,-51.058269770058246,-47.669836278919355,14,11.661016949152541,,,0.9081555833333333
59,-42.27449254526117,-47.57991388335839,10,11.633333333333333,,,0.90657225
60,-36.64488084964266,-47.400651046740094,14,11.672131147540984,,,0.9049889166666667
61,-114.14796527445793,-48.477220631058124,9,11.629032258064516,,,0.9034404166666666
62,-102.09999999999998,-49.328375859136564,11,11.619047619047619,,,0.9020534166666667
63,-37.37463067046094,-49.141598590563504,12,11.625,,,0.9004700833333333
64,-65.27444600507384,-49.38979624309444,13,11.646153846153846,,,0.89888675
65,-21.221543745022526,-48.9630045385782,13,11.666666666666666,,,0.8973034166666667
66,-74.03990723558816,-49.337286668384316,17,11.746268656716419,,,0.8957818333333334
67,-14.94149520431986,-48.831466205677486,15,11.794117647058824,,,0.8941985
68,-65.92047216624599,-49.0791329587292,14,11.826086956521738,,,0.8926151666666666
69,-59.91872843488217,-49.233984322674246,12,11.82857142857143,,,0.8910318333333334
70,-82.5561642264246,-49.70331080019186,15,11.873239436619718,,,0.88950075
71,-32.58962637417431,-49.46562073871939,15,11.916666666666666,,,0.8879174166666667
72,-63.867792887049475,-49.66291076814856,11,11.904109589041095,,,0.8863340833333333
73,-53.90047183992242,-49.72017510695632,13,11.91891891891892,,,0.88475075
74,-65.80489634825747,-49.934638056840335,13,11.933333333333334,,,0.8831674166666666
75,-59.32967212375431,-50.05825692614184,12,11.93421052631579,,,0.8815840833333334
76,-72.30000000000034,-50.34711073229584,4,11.831168831168831,,,0.88077975
77,-65.31796489729591,-50.53904476005225,13,11.846153846153847,,,0.8791964166666667
78,-75.4241218285061,-50.8540457356023,13,11.860759493670885,,,0.8776130833333333
79,-82.12516152783458,-51.244934683005205,11,11.85,,,0.87602975
80,-81.00464965616499,-51.61233857156274,15,11.88888888888889,,,0.8744464166666667
81,-67.646912404398,-51.807882154889995,11,11.878048780487806,,,0.8728630833333333
82,-12.096200012511298,-51.32942815317458,16,11.927710843373495,,,0.87127975
83,-67.60425779013217,-51.52317612504313,12,11.928571428571429,,,0.8696964166666666
84,-46.452325948644706,-51.46351906414433,14,11.952941176470588,,,0.8681130833333334
85,-12.0791518544968,-51.00556130589261,16,12.0,,,0.86652975
86,-47.72156714830432,-50.96781424660999,12,12.0,,,0.8650445833333333
87,-42.80561178119188,-50.8750619458666,9,11.965909090909092,,,0.8639663333333334
88,-100.19355776196471,-51.42920234829466,7,11.910112359550562,,,0.8626695833333333
89,-52.07809515813872,-51.43641226840404,17,11.966666666666667,,,0.86108625
90,-15.199482110136342,-51.03820424468681,14,11.989010989010989,,,0.8595029166666667
91,-41.681521838843516,-50.93650117505808,12,11.98913043478261,,,0.8580636666666667
92,-55.646574493445115,-50.987147124718156,10,11.96774193548387,,,0.8571374166666667
93,-38.785938048687136,-50.85734702816463,15,12.0,,,0.856322
94,-91.76827747525,-51.28798840129185,12,12.0,,,0.85477825
95,-23.056953874119337,-50.993915124967145,14,12.020833333333334,,,0.8531949166666667
96,-67.16800722229236,-51.16065834246535,14,12.041237113402062,,,0.8516115833333333
97,-54.08222171020344,-51.19047021356471,17,12.091836734693878,,,0.85002825
98,-48.3545991637703,-51.161825051445575,13,12.1010101010101,,,0.8484449166666667
99,-38.078875803659415,-51.03099555896772,11,12.09,,,0.8471845833333334
100,-48.013937092179646,-50.8373244329143,14,12.12,,,0.84560125
101,-17.47169073719113,-50.4329349185761,16,12.19,,,0.8440179166666667
102,-63.26759748859284,-50.86399529956963,12,12.21,,,0.8424345833333333
103,-73.40000000000035,-50.99525013364073,6,12.17,,,0.8415811666666666
104,-79.50697900413826,-51.1136223437431,11,12.17,,,0.84021475
105,-46.568226335370255,-51.41317072888241,18,12.22,,,0.8392489166666667
106,-12.158722774397527,-50.898807142821894,16,12.29,,,0.8376655833333333
107,-65.26796007623577,-51.219197443699,15,12.34,,,0.83608225
108,-38.354175258668604,-51.40744629699016,12,12.35,,,0.8347411666666666
109,-47.21283367863644,-51.21128146518449,15,12.41,,,0.8331578333333334
110,-9.46427050265605,-50.68102848823437,24,12.54,,,0.8315745
111,-19.482509795675945,-50.57212044918226,17,12.6,,,0.8299911666666666
112,-35.64402888607706,-50.22318498905668,7,12.56,,,0.8291076666666667
113,-71.64581985023219,-50.48329403084527,11,12.57,,,0.8275243333333333
114,-49.40899525040829,-50.653458846153626,16,12.61,,,0.825941
115,-44.45048221407406,-50.69201519339047,14,12.64,,,0.8243576666666667
116,-15.074370843219555,-50.45058464455465,14,12.67,,,0.8227743333333333
117,-56.331547482924286,-50.40894599083433,10,12.66,,,0.821191
118,-36.838543563303745,-50.31558979013292,9,12.63,,,0.82007
119,-84.95398730736002,-50.73726542838932,11,12.63,,,0.8187194166666667
120,-75.16924566181093,-51.09693769670145,16,12.67,,,0.817144
121,-40.7433460915092,-51.10178033697948,8,12.64,,,0.816346
122,-90.14451662493903,-51.30124373258942,9,12.62,,,0.8147626666666666
123,-41.590886610507575,-51.39571667875457,13,12.64,,,0.8131793333333334
124,-68.00692416491907,-51.89050785920528,22,12.74,,,0.811596
125,-67.8196872334757,-52.31098144866734,14,12.76,,,0.8100126666666667
126,-56.15659465541761,-52.46878665549096,17,12.81,,,0.8084293333333333
127,-41.79243514499682,-52.43813473152603,6,12.74,,,0.80766775
128,-52.960210169544254,-52.31151607167569,4,12.68,,,0.8069235833333334
129,-35.674855577355984,-51.92981715824462,9,12.63,,,0.8060543333333333
130,-64.62595229257323,-52.28352416965524,8,12.6,,,0.8044709999999999
131,-77.77078000972902,-52.69539565475945,11,12.6,,,0.8028876666666667
132,-77.13578236074333,-52.97804837378265,15,12.63,,,0.80134075
133,-64.53412989632761,-52.92940116014136,16,12.68,,,0.7997574166666667
134,-87.9000000000004,-53.12109083057079,6,12.63,,,0.7986744166666666
135,-15.661724032886145,-52.54225953975426,14,12.65,,,0.7970910833333333
136,-34.23351471937094,-52.40472362104279,17,12.67,,,0.7964767500000001
137,-34.43680917705685,-52.46249375291033,5,12.61,,,0.7960334166666667
138,-53.97639180435823,-52.38485251367236,17,12.7,,,0.7944500833333333
139,-66.7854058712159,-52.90878104847352,14,12.68,,,0.79286675
140,-43.70466630239839,-52.69297148188372,12,12.68,,,0.7912834166666667
141,-110.54448566257888,-53.5484172157802,9,12.65,,,0.7900325833333334
142,-52.19302137580786,-53.249347429538275,6,12.64,,,0.7892646666666667
143,-42.67453708726723,-53.22094252383782,9,12.61,,,0.7876813333333333
144,-33.209374780188035,-53.0133922719183,4,12.52,,,0.7870765
145,-60.30000000000024,-53.210889992587084,5,12.43,,,0.7864463333333334
146,-41.146891419402564,-52.681824809407765,8,12.4,,,0.7856340833333333
147,-116.72344421905512,-53.21287488316095,11,12.4,,,0.78405075
148,-70.7212731285388,-53.67373507690145,13,12.4,,,0.7824674166666666
149,-73.14954432439208,-54.051495289469855,8,12.35,,,0.7808840833333334
150,-59.51043089645914,-54.501582538400065,17,12.34,,,0.77950975
151,-81.76336638952127,-54.937116290066285,16,12.36,,,0.7779564999999999
152,-43.4082440302151,-55.03713689758179,14,12.37,,,0.7763731666666667
153,-72.81475724750437,-55.128645933078396,10,12.37,,,0.7747898333333334
154,-42.314366318016766,-55.126391807335686,20,12.43,,,0.7732065
155,-77.92724385000616,-55.29254312480313,9,12.42,,,0.7720696666666667
156,-76.54527031420422,-55.44943701659135,12,12.42,,,0.7706035
157,-49.01129095317495,-55.509355637494,11,12.38,,,0.7690201666666667
158,-65.6674361896463,-55.65544730168988,14,12.38,,,0.7674368333333333
159,-82.3993283107,-56.05669565934427,8,12.36,,,0.7660260833333333
160,-51.7671839347429,-56.20791869019527,17,12.39,,,0.76444275
161,-61.30651645569066,-55.67950420200759,16,12.46,,,0.7628594166666667
162,-82.92204752129268,-55.48772467722052,11,12.46,,,0.7612760833333333
163,-48.427851830552875,-55.59825688882143,21,12.55,,,0.75969275
164,-43.02442875556266,-55.375756716326315,15,12.57,,,0.7581094166666666
165,-55.376775839259196,-55.717309037268684,14,12.58,,,0.7565260833333334
166,-53.353483623339294,-55.51044480114621,7,12.48,,,0.7555539166666667
167,-39.98631174147986,-55.760892966517794,26,12.59,,,0.7539705833333333
168,-85.62569351897386,-55.95794518004508,12,12.57,,,0.75238725
169,-37.031028080940736,-55.72906817650565,6,12.51,,,0.7514594166666666
170,-61.11295185842752,-55.51463605282569,17,12.53,,,0.7498760833333333
171,-71.94650176401402,-55.908204806724086,13,12.51,,,0.7482927500000001
172,-47.00403233850159,-55.73956720123861,15,12.55,,,0.7467094166666667
173,-60.91308872708088,-55.809693370110196,16,12.58,,,0.7451260833333333
174,-11.569319520878782,-55.26733760183642,28,12.73,,,0.74354275
175,-61.7463418032089,-55.291504298630954,14,12.75,,,0.7419594166666666
176,-84.50927953898126,-55.41359709402075,16,12.87,,,0.7404536666666667
177,-52.849378901222,-55.288911234060016,18,12.92,,,0.7388703333333333
178,-11.002065965825956,-54.64469067543321,29,13.08,,,0.737287
179,-88.24758460702537,-54.705914906225125,12,13.09,,,0.73588575
180,-34.95171511667243,-54.2453855608302,10,13.04,,,0.7355674999999999
181,-33.90742702726798,-53.90799070705891,10,13.03,,,0.7347536666666666
182,-67.90737452868527,-54.466102452220646,12,12.99,,,0.7331703333333333
183,-47.834474943716046,-54.26840462375649,4,12.91,,,0.7325670833333333
184,-31.680024152952797,-54.120681605799554,14,12.91,,,0.7316598333333333
185,-50.88506805122932,-54.508740767766895,14,12.89,,,0.7300765
186,-56.24663234376804,-54.59399141972154,9,12.86,,,0.7284931666666666
187,-39.0012341063007,-54.555947642972626,5,12.82,,,0.7278281666666666
188,-83.20204530192842,-54.38603251837226,11,12.86,,,0.7262448333333333
189,-59.08383277021081,-54.456089894492976,27,12.96,,,0.7246615000000001
190,-30.6464770525963,-54.61055984391757,9,12.91,,,0.7240139166666666
191,-69.69830987080388,-54.89072772423717,17,12.96,,,0.7224305833333333
192,-39.174812583176674,-54.72601010513449,7,12.93,,,0.7215898333333333
193,-59.86773940340144,-54.93682811868163,23,13.01,,,0.7200065
194,-55.53632743734114,-54.574508618302545,6,12.95,,,0.7190945
195,-43.080956295826084,-54.7747486425196,4,12.85,,,0.7185213333333333
196,-45.070624896161476,-54.553774819258294,12,12.83,,,0.7169380000000001
197,-75.00074325721913,-54.76296003472845,9,12.75,,,0.7153546666666666
198,-48.98280347338729,-54.76924207782463,11,12.73,,,0.7142859166666666
199,-41.75846096100737,-54.80603792939811,7,12.69,,,0.7135781666666667
200,-68.49703018216996,-55.01086886029802,13,12.68,,,0.7119948333333334
201,-31.60931766451875,-55.15224512957129,8,12.6,,,0.7113741666666666
202,-90.58962403097179,-55.4254653949951,24,12.72,,,0.7098494166666667
203,-54.97835570947604,-55.24124895208985,12,12.78,,,0.7091448333333333
204,-70.12806422346458,-55.14745980428311,7,12.74,,,0.7081489166666667
205,-76.04740207895154,-55.44225156171891,22,12.78,,,0.7069376666666667
206,-33.451773261957165,-55.655182066594506,14,12.76,,,0.70605575
207,-73.92925688461631,-55.741795034678304,14,12.75,,,0.7044724166666667
208,-53.865408610818264,-55.89690736819982,4,12.67,,,0.7037329999999999
209,-60.435526378971986,-56.029134295203164,25,12.77,,,0.7023935
210,-37.53798817679017,-56.30987147194452,9,12.62,,,0.70130575
211,-93.47366344280279,-57.04978300841577,19,12.64,,,0.69976675
212,-34.41438762288039,-57.037486595783804,8,12.65,,,0.69889275
213,-41.53741458470346,-56.73640254312851,40,12.94,,,0.6973094166666667
214,-76.40350755834851,-57.00634766620792,10,12.88,,,0.6957260833333334
215,-42.21688333314946,-56.984011677398684,13,12.87,,,0.6951735
216,-48.89283848607404,-57.32219635382723,14,12.87,,,0.6935901666666666
217,-42.60000000000002,-57.18488087899798,3,12.8,,,0.6932719166666667
218,-61.92618416993797,-57.43575728506433,14,12.85,,,0.6916885833333333
219,-75.71600295593515,-57.343377441550075,15,12.89,,,0.69010525
220,-80.53717492263686,-57.39705673415834,11,12.84,,,0.6885219166666667
221,-116.39765982309463,-58.15359987147419,41,13.17,,,0.6869385833333334
222,-41.94586571440067,-57.67161336236881,19,13.27,,,0.685531
223,-54.81747207316848,-57.80387921699541,23,13.37,,,0.6839476666666666
224,-73.3005332457745,-57.85681530780396,24,13.39,,,0.6825875833333332
225,-105.79999999999977,-58.23661843546921,12,13.37,,,0.6811261666666666
226,-58.52702895290081,-58.26032277844404,18,13.38,,,0.6795428333333333
227,-52.444967658896,-58.36684810358303,18,13.5,,,0.6779595
228,-79.01148524313903,-58.62736085431898,18,13.64,,,0.6763761666666667
229,-33.25270107068542,-58.60313930925227,22,13.77,,,0.6758283333333333
230,-58.87278711599118,-58.54560765748645,24,13.93,,,0.6746946666666667
231,-43.22744667056235,-58.200174324094775,10,13.92,,,0.6739124999999999
232,-88.48906573881992,-58.31370715787554,18,13.95,,,0.6724099166666666
233,-36.92192155198796,-58.03758507443215,3,13.82,,,0.6719523333333333
234,-4.80079283256503,-57.2065930027578,28,14.04,,,0.670369
235,-41.539132451070444,-57.465367086939644,12,14.02,,,0.6696628333333333
236,-48.3078187847949,-57.60611012759389,11,13.96,,,0.669172
237,-66.20285597351733,-57.92377059555849,16,14.07,,,0.6680699999999999
238,-45.342034448554145,-57.83742702200045,7,13.97,,,0.6673796666666667
239,-69.73684033319972,-57.866941366620274,22,14.05,,,0.6657963333333333
240,-50.07089230226718,-57.93060362661897,14,14.07,,,0.6648035833333333
241,-61.045503201193846,-57.43561380200513,32,14.3,,,0.66322025
242,-59.14446545518204,-57.505128242798875,15,14.39,,,0.6616369166666667
243,-55.06113562681689,-57.62899422819438,15,14.45,,,0.6600535833333333
244,-50.03675422761255,-57.79726802266861,5,14.46,,,0.6594392499999999
245,-52.150823626492546,-57.71577625893354,4,14.45,,,0.6588850833333333
246,-61.007251060589425,-57.9143798553454,8,14.45,,,0.6581124166666666
247,-44.31264762443482,-57.1902718893992,21,14.55,,,0.6566921666666667
248,-74.0889581874126,-57.22394873998794,25,14.67,,,0.6551088333333333
249,-73.83278886986159,-57.23078118544263,7,14.66,,,0.6542316666666667
250,-73.33282477627964,-57.36900512424083,10,14.59,,,0.6526483333333333
251,-37.7152952327602,-56.92852441267323,11,14.54,,,0.65158275
252,-101.23322665613168,-57.50677423893239,27,14.67,,,0.6499994166666667
253,-73.06396061435633,-57.50926627260091,16,14.73,,,0.6484160833333333
254,-79.67741459011505,-57.88289675532189,16,14.69,,,0.6471335833333334
255,-74.90536044370172,-57.852677921258845,14,14.74,,,0.64555025
256,-44.971716850315126,-57.53694238661995,11,14.73,,,0.64485675
257,-72.53422450573524,-57.77217172214555,11,14.73,,,0.6432734166666667
258,-67.16668806550717,-57.78716424090417,28,14.87,,,0.6416900833333333
259,-34.659735839344485,-57.30976831619061,6,14.85,,,0.64124675
260,-39.12513576209731,-57.183347834464165,8,14.76,,,0.6408984166666667
261,-49.95794658371883,-57.069862135744444,11,14.71,,,0.63997375
262,-61.56865896992014,-56.85632825023071,31,14.91,,,0.6383904166666667
263,-61.85311904626213,-56.9905809223878,7,14.77,,,0.6377159166666666
264,-32.972552077253795,-56.89006215560471,28,14.9,,,0.6371775833333333
265,-37.53937066261955,-56.711688103838306,8,14.84,,,0.6366709166666666
266,-50.92633907770631,-56.68741665838197,8,14.85,,,0.6350875833333334
267,-67.35668307696146,-56.9611203717368,19,14.78,,,0.6338145833333333
268,-42.849241720645956,-56.53335585375352,19,14.85,,,0.63304825
269,-65.1816519655483,-56.814862092599604,11,14.9,,,0.6320745
270,-43.411515503517435,-56.63784772905052,8,14.81,,,0.6314601666666666
271,-39.20261938385313,-56.310408905248906,6,14.74,,,0.6310120833333333
272,-44.5328704995677,-56.285697286859566,5,14.64,,,0.63042625
273,-41.150606085133006,-56.08807246044009,5,14.53,,,0.6298578333333333
274,-48.20000000000006,-56.45437926523129,4,14.29,,,0.6294350833333333
275,-79.2951437149714,-56.62986728434891,9,14.24,,,0.6281145833333333
276,-41.334528634575186,-56.19811977530486,10,14.18,,,0.6276538333333334
277,-40.38001515516239,-56.07342613784425,5,14.05,,,0.6273355833333334
278,-55.749485101528464,-56.520900329201275,21,13.97,,,0.62575225
279,-39.9799126800314,-56.038223609931336,14,13.99,,,0.6251379166666666
280,-77.0767432910859,-56.45947389167548,11,14.0,,,0.624047
281,-62.61776998246219,-56.74657732122741,15,14.05,,,0.6230748333333334
282,-31.501414696408233,-56.38251772290466,8,14.01,,,0.6227470833333333
283,-74.5086434644501,-56.649259408111995,9,14.06,,,0.6214075833333333
284,-48.73644196830231,-56.81982358626549,7,13.99,,,0.62072675
285,-72.36908976350482,-57.03466380338825,11,13.96,,,0.6191434166666667
286,-48.4874861278409,-56.95707234122898,11,13.98,,,0.6184704999999999
287,-36.420254064056294,-56.931262540806536,7,14.0,,,0.6180271666666667
288,-36.758289617993576,-56.46682498396718,10,13.99,,,0.6175996666666667
289,-38.757426863858846,-56.263560924903665,6,13.78,,,0.6170344166666666
290,-63.87184188246066,-56.595814573202304,35,14.04,,,0.6157899166666667
291,-31.152582897358016,-56.21035730346785,16,14.03,,,0.6154716666666666
292,-26.588989312549188,-56.084499070761574,24,14.2,,,0.6147354166666666
293,-90.52854225709875,-56.391107099298544,11,14.08,,,0.6133151666666667
294,-41.86366915214986,-56.25438051644662,11,14.13,,,0.6125108333333333
295,-74.61224833158477,-56.569693436804215,18,14.27,,,0.6113486666666667
296,-37.13970452510671,-56.49038423309367,21,14.36,,,0.6099094166666666
297,-95.45738725796966,-56.694950673101175,16,14.43,,,0.6083260833333333
298,-35.00461035999202,-56.555168741967215,6,14.38,,,0.6077893333333333
299,-41.428868296712004,-56.55187281532426,3,14.34,,,0.60743625
300,-17.15162428743616,-56.03841875637691,68,14.89,,,0.6058529166666666
301,-53.39526222685081,-56.25627820200024,27,15.08,,,0.6042695833333334
302,-84.17233251720573,-56.19210528686258,12,14.96,,,0.60268625
303,-84.05644658788297,-56.482886195646664,28,15.12,,,0.60119
304,-96.14121002836364,-56.743017653695645,24,15.29,,,0.5996430833333333
305,-37.52713226866958,-56.35781495559283,11,15.18,,,0.5991063333333333
306,-32.14591936609452,-56.3447564166342,8,15.12,,,0.5983130833333333
307,-41.9955533708603,-56.02541938149664,23,15.21,,,0.5978903333333333
308,-52.28339225197274,-56.00959921790818,28,15.45,,,0.5963069999999999
309,-75.26073895799004,-56.15785134369837,31,15.51,,,0.5947236666666667
310,-53.867952954533514,-56.32115099147579,4,15.46,,,0.5939399166666667
311,-49.22132692937209,-55.878627626341505,7,15.34,,,0.59322425
312,-29.91204490657946,-55.83360419917848,9,15.35,,,0.5928901666666666
313,-93.31657808545529,-56.35139583418601,21,15.16,,,0.5914667499999999
314,-55.3036965526854,-56.14039772412937,45,15.51,,,0.5904534166666666
315,-88.74379578958006,-56.60566684869367,25,15.63,,,0.5891091666666667
316,-86.73759141934192,-56.984114378026355,33,15.82,,,0.5875258333333333
317,-52.8346243018945,-57.0864606210453,9,15.88,,,0.58693525
318,-31.487416052896698,-56.78207293987489,4,15.78,,,0.5865093333333333
319,-84.59515599923523,-56.870864470307886,15,15.78,,,0.5852553333333333
320,-32.24994710798604,-56.387992192161384,8,15.75,,,0.5844525833333334
321,-21.860529237679422,-55.44262088630724,31,15.65,,,0.58286925
322,-58.15408845115082,-55.60470311367473,11,15.57,,,0.58189075
323,-31.825137387645388,-55.3747797668195,25,15.59,,,0.5803074166666666
324,-66.01569304236544,-55.3019313647854,12,15.47,,,0.579264
325,-87.82651500798009,-55.12219651486521,12,15.47,,,0.5776806666666667
326,-54.72984415372026,-55.084224666873396,6,15.35,,,0.5769760833333333
327,-17.883097739985637,-54.7386059676843,30,15.47,,,0.57539275
328,-19.944545831419752,-54.1479365735671,66,15.95,,,0.5738094166666667
329,-90.49179926184179,-54.72032755547867,13,15.86,,,0.5723448333333333
330,-7.7642072889965466,-54.20924175720872,22,15.84,,,0.5707614999999999
331,-89.99999999999906,-54.676967290503086,10,15.84,,,0.5691781666666667
332,-69.91837036086325,-54.49126033672353,17,15.83,,,0.5675948333333334
333,-73.76825207410062,-54.859723641944655,22,16.02,,,0.56603525
334,-102.63815163697204,-55.83809722998872,24,15.98,,,0.5644835833333333
335,-42.98552935992181,-55.85256119907724,44,16.3,,,0.56290025
336,-76.50384118422254,-56.13452142307151,16,16.35,,,0.5613169166666667
337,-59.1747730110721,-56.06424059344707,31,16.5,,,0.5597335833333333
338,-58.35963046022638,-56.19441655356378,39,16.82,,,0.55815025
339,-91.73366377160313,-56.41438478794782,14,16.74,,,0.55662075
340,-65.96885682734188,-56.573364433198556,39,16.99,,,0.5550374166666667
341,-74.45295389080952,-56.70743894009472,14,16.81,,,0.5540462500000001
342,-83.62539921619549,-56.952248277704854,10,16.76,,,0.5526624166666667
343,-84.16386499489722,-57.24327557138566,24,16.85,,,0.5510790833333333
344,-34.61352578316256,-57.08904328694116,66,17.46,,,0.5500356666666666
345,-112.41098866303379,-57.69164493730657,13,17.55,,,0.5484713333333333
346,-88.21479185492191,-57.963720345249904,9,17.56,,,0.5473471666666667
347,-101.83624415260074,-58.53895631053156,19,17.54,,,0.5459126666666667
348,-37.72293228100841,-58.17529605146751,19,17.48,,,0.5449405
349,-38.10550845915245,-57.818023247360415,24,17.65,,,0.5444069166666667
350,-31.349871709734625,-57.39819371669497,59,18.14,,,0.5436469166666666
351,-78.50557455807842,-57.80609650994815,30,18.33,,,0.5420635833333334
352,-85.0851397816661,-57.6446156412035,27,18.33,,,0.54048025
353,-56.552850337428886,-57.47950453843422,31,18.48,,,0.5388969166666666
354,-71.47230047963403,-57.39745339732942,37,18.69,,,0.5373135833333333
355,-62.196026833314214,-57.27036006122554,41,18.96,,,0.5357302500000001
356,-49.99486660693634,-57.320591558791754,3,18.88,,,0.5351966666666667
357,-32.614316174401246,-56.92139247547841,7,18.84,,,0.5347454166666666
358,-34.74318617962668,-56.59715745661961,19,18.75,,,0.5336370833333333
359,-64.49645417990693,-56.89552464002523,20,18.89,,,0.53205375
360,-63.81456105248706,-57.14241889292913,32,19.13,,,0.5304704166666667
361,-104.20459542566188,-57.68488538134856,12,19.14,,,0.5289915833333334
362,-76.45797052177149,-57.83377849686707,9,18.92,,,0.52811125
363,-35.078910865916825,-57.56603641506362,13,18.98,,,0.5265279166666667
364,-31.112761365452997,-57.5474385079456,29,18.99,,,0.5262096666666667
365,-33.86764707924608,-57.510721272111866,30,19.21,,,0.52523275
366,-39.50694317854553,-57.39652731312027,24,19.37,,,0.52394075
367,-75.37019207222033,-57.47666240307286,13,19.31,,,0.5223574166666667
368,-35.18448986240481,-57.40001488449045,15,19.27,,,0.5213979166666667
369,-48.50574274176207,-57.233255792252606,6,19.22,,,0.52075825
370,-41.785337290459026,-57.21699401012201,23,19.37,,,0.5196071666666666
371,-45.1188658560507,-57.27615647484397,15,19.46,,,0.5187014999999999
372,-67.50996809983789,-57.505927450846684,31,19.72,,,0.5171181666666667
373,-50.54435037282946,-57.59986489372364,32,19.99,,,0.5161871666666666
374,-65.30148289647289,-57.77087972268837,6,20.01,,,0.5146038333333334
375,-54.360125841453254,-57.52152954395319,7,19.99,,,0.513923
376,-48.11145410528198,-57.58929879866026,47,20.36,,,0.5123396666666666
377,-31.157497340661216,-57.497073620515245,20,20.51,,,0.5107563333333334
378,-33.9138312214004,-57.27871708171396,16,20.46,,,0.5098886666666667
379,-72.41274210181413,-57.603045375931785,29,20.61,,,0.5083053333333334
380,-83.40506673022556,-57.66632861032318,22,20.72,,,0.506722
381,-83.20000000000033,-57.87215091049857,3,20.6,,,0.5057609166666667
382,-33.156049798215285,-57.88869726151665,29,20.81,,,0.5047824166666667
383,-77.9977718900661,-57.92358854577281,15,20.87,,,0.5031990833333333
384,-57.529425297636074,-58.011518379066146,37,21.17,,,0.50161575
385,-52.10244252049221,-57.80885190663602,12,21.18,,,0.5003348333333333
386,-76.97231673979374,-58.093700212755536,10,21.17,,,0.49934366666666663
387,-39.750264355988755,-58.12700031567487,34,21.44,,,0.49776033333333336
388,-0.24126737410012816,-57.76183009323593,67,22.01,,,0.496177
389,-57.959457956344934,-57.95385040416078,23,22.18,,,0.4945936666666667
390,-36.3803037878306,-57.67893502321449,8,21.91,,,0.4941281666666667
391,-64.45396809201064,-58.011948875161,16,21.91,,,0.4925448333333333
392,-64.08141286904696,-58.386873110725986,35,22.02,,,0.49096149999999994
393,-29.381275182145583,-57.775400439976465,23,22.14,,,0.49034716666666667
394,-73.30726568604636,-58.089836405315424,30,22.33,,,0.4887638333333333
395,-40.392146575457915,-57.74763538775417,10,22.25,,,0.4884455833333333
396,-75.54478338912729,-58.13168617639437,22,22.26,,,0.4871741666666667
397,-85.14795386701873,-58.028591842484865,28,22.38,,,0.4855908333333333
398,-79.68964908981535,-58.475442229783106,14,22.46,,,0.48400750000000003
399,-66.39533388500507,-58.725106885666015,8,22.51,,,0.48330133333333336
400,-46.52297654312658,-59.01882040822293,54,22.37,,,0.481718
401,-60.79385749112669,-59.09280636086569,24,22.34,,,0.48075691666666664
402,-76.41743160544182,-59.01525735174804,15,22.37,,,0.4791735833333334
403,-60.13153761246676,-58.77600826199389,26,22.35,,,0.47811116666666664
404,-10.920657490140425,-57.92380273661164,46,22.57,,,0.4765278333333334
405,-82.08187648020838,-58.369350178727025,22,22.68,,,0.47520891666666665
406,-76.75878185664719,-58.81547880363256,6,22.66,,,0.47429849999999996
407,-66.79883302877454,-59.0635116002117,66,23.09,,,0.4728481666666666
408,-21.705444382076863,-58.75773212151275,69,23.5,,,0.47126483333333336
409,-115.22052027357,-59.15732993466856,9,23.28,,,0.46970049999999997
410,-79.90755372533887,-59.41772594237661,19,23.43,,,0.4681171666666667
411,-63.06214297959368,-59.55613410287883,19,23.55,,,0.4665338333333333
412,-26.028826138761094,-59.51730191520065,9,23.55,,,0.46495050000000004
413,-80.13832683554287,-59.38551940270151,24,23.58,,,0.46336716666666666
414,-73.8842452410924,-59.57132488958558,13,23.26,,,0.4617838333333333
415,-74.75491455870785,-59.431436077276864,28,23.29,,,0.4602005
416,-64.00557707411053,-59.20411593382454,12,23.08,,,0.45861716666666663
417,-44.73617027632271,-59.12313139356882,16,23.15,,,0.45796325000000004
418,-101.40000000000002,-59.822257233039856,7,23.18,,,0.45665066666666665
419,-47.153282899340404,-59.4478385020409,12,23.15,,,0.45571491666666664
420,-89.90000000000038,-60.024339030961045,5,23.12,,,0.45461608333333337
421,-28.959020865251645,-60.095323947236764,12,22.93,,,0.454263
422,-76.30128555714401,-60.2767959182967,9,22.91,,,0.4533430833333333
423,-39.99737327608413,-60.358518277181105,8,22.74,,,0.45226325
424,-35.235277849025394,-60.050714125247694,32,22.94,,,0.45109
425,-67.00150025279635,-59.842463977695864,8,22.9,,,0.45026508333333337
426,-52.06861914389052,-59.81585172759756,9,22.93,,,0.44957633333333336
427,-69.15729411789152,-60.328593691376625,33,22.96,,,0.447993
428,-35.69144479332482,-60.48606268099567,38,22.68,,,0.4470604166666666
429,-79.76787771737959,-60.37882346555106,43,22.98,,,0.4456528333333333
430,-39.74718091949837,-60.69865320185607,44,23.2,,,0.4441724166666666
431,-63.378911875532246,-60.432442320611386,28,23.38,,,0.44352800000000003
432,-31.45396530381017,-60.04779827004086,28,23.49,,,0.44313216666666666
433,-32.921974435522905,-59.63933549365509,20,23.47,,,0.4427315833333333
434,-93.99999999999898,-59.55295397728535,6,23.29,,,0.44114825
435,-71.74494742223949,-59.840548157908536,13,22.98,,,0.4400335833333333
436,-37.786697549679545,-59.45337672156311,40,23.22,,,0.4387685
437,-35.255977320110965,-59.2141887646535,14,23.05,,,0.43834416666666665
438,-71.95790296056137,-59.350171489656844,20,22.86,,,0.43724375000000004
439,-72.32323213897867,-59.156067173330605,10,22.82,,,0.4364125
440,-97.52656209462195,-59.47164422600339,13,22.56,,,0.43502549999999995
441,-30.491864805349497,-59.032033335148796,79,23.21,,,0.4334421666666667
442,-21.12730147253899,-58.40705235771224,45,23.56,,,0.43276608333333333
443,-63.28888146700287,-58.1983025224333,18,23.5,,,0.4317385
444,-32.22886089907982,-58.17445587359248,17,23.01,,,0.43131891666666666
445,-81.20000000000034,-57.86234598696215,6,22.94,,,0.430342
446,-103.3580574461479,-58.013778642874406,9,22.94,,,0.42895975
447,-69.28565379285507,-57.68827273927693,43,23.18,,,0.4277500833333333
448,-31.177535951115697,-57.622818775978004,6,23.05,,,0.42717375
449,-25.124440865005337,-57.49300810003652,109,23.9,,,0.42579625
450,-66.02615700528226,-57.83977095299201,12,23.43,,,0.4249634166666667
451,-63.50630311572326,-57.68977823856846,11,23.24,,,0.4241875833333333
452,-63.57313701500853,-57.474658210901886,56,23.53,,,0.42296999999999996
453,-85.8609878265017,-57.76773958579261,40,23.62,,,0.4216526666666667
454,-65.01844188268059,-57.70320099982307,6,23.31,,,0.4208340833333333
455,-28.41967748063132,-57.36543750629624,27,23.17,,,0.4205015833333333
456,-74.08377646166454,-57.606326604843524,21,23.35,,,0.41891825000000005
457,-72.41734743927508,-58.00435691749226,37,23.65,,,0.41774183333333337
458,-58.10736375438333,-58.23799869323983,23,23.69,,,0.41692166666666663
459,-53.08035917622812,-58.12383774320304,6,23.55,,,0.4162835833333334
460,-59.00038155719344,-58.07569594825011,7,23.3,,,0.41564391666666667
461,-86.7729826586656,-57.90137982058015,22,23.4,,,0.4143519166666667
462,-45.284721618874364,-57.58964733155118,9,23.4,,,0.41388800000000003
463,-68.15117132373764,-57.9203699361294,17,23.44,,,0.41282874999999997
464,-88.46095968601733,-58.493851919335036,29,23.44,,,0.41149875
465,-100.70000000000005,-59.16217544854258,8,23.22,,,0.41018141666666663
466,-23.05205709935045,-58.99762658775062,52,23.5,,,0.4097729166666667
467,-19.221970290271607,-58.43614436993113,46,23.83,,,0.4092409166666666
468,-94.00498942149589,-59.02434936552205,12,23.8,,,0.40793308333333334
469,-41.3058527845712,-58.95235046595014,30,24.04,,,0.40690550000000003
470,-90.88850725986379,-59.44338216564419,16,23.97,,,0.4054995
471,-52.30263586936393,-59.51521986577733,34,24.16,,,0.4047521666666667
472,-66.47397987945126,-59.50485998357347,46,24.31,,,0.4031688333333333
473,-46.820592728183826,-59.46762240712701,13,24.12,,,0.40257033333333336
474,-40.698603701329276,-59.22159361517557,26,24.32,,,0.4012941666666666
475,-78.04546275444957,-59.45844698430553,9,24.34,,,0.399752
476,-32.44784579209146,-59.301810901173624,39,24.26,,,0.39895875000000003
477,-100.29999999999987,-59.99323592776701,7,24.13,,,0.3976635833333333
478,-25.720286866117803,-59.91130048421418,25,24.22,,,0.39715691666666664
479,-26.213625438460408,-59.449309317580635,52,24.45,,,0.3962385833333333
480,-43.490354795958886,-59.050162198237985,9,24.32,,,0.39567491666666665
481,-83.39534706082794,-59.05211566884625,26,24.55,,,0.39412325000000004
482,-18.052806495340725,-58.901083235817495,142,25.68,,,0.39253991666666666
483,-63.82244441770892,-58.75932996109392,32,25.85,,,0.3914315833333333
484,-80.63319810332736,-58.99036768915082,17,25.65,,,0.39017124999999997
485,-38.57087023021042,-58.85505196624802,61,26.14,,,0.3894745833333333
486,-36.43418786240464,-58.44967067747413,18,26.22,,,0.3889916666666666
487,-84.69836890149563,-58.8991517229292,46,26.34,,,0.38745425
488,-86.47521788572021,-59.761491228045415,35,26.02,,,0.3859469166666667
489,-100.03178269863166,-60.182214475468264,28,26.07,,,0.38440949999999996
490,-101.09322680367673,-60.829343705626734,11,26.1,,,0.38305733333333336
491,-25.15576317185082,-60.43636165642513,45,26.39,,,0.38233375
492,-39.81250479834728,-60.19367257571814,10,26.14,,,0.3818571666666667
493,-91.09724579820683,-60.810832281878746,31,26.22,,,0.38046383333333333
494,-82.45137849315782,-60.90227340994986,30,26.22,,,0.37888049999999995
495,-78.80009157907966,-61.28635285998608,31,26.43,,,0.3775109166666667
496,-79.4789470165095,-61.3256944962599,28,26.49,,,0.3759275833333333
497,-73.84252519427798,-61.2126402095325,19,26.4,,,0.3748271666666667
498,-42.05009792677623,-60.83624469790211,33,26.59,,,0.37416533333333335
499,-25.69310169437621,-60.42922237599581,52,27.03,,,0.3731504166666667
500,-5.966317131150209,-60.02365578187605,60,27.09,,,0.3715670833333333
501,-86.09434191447423,-60.27666062610952,39,27.24,,,0.3701405
502,-80.31540170873262,-60.31564032714244,26,27.35,,,0.3685571666666667
503,-46.8737868982926,-60.183062820000686,59,27.68,,,0.3676499166666667
504,-35.07423739842494,-60.42459861908353,17,27.39,,,0.36720025
505,-68.2619770404147,-60.28639962468559,19,27.36,,,0.36631041666666664
506,-34.39108836000851,-59.862722689719206,63,27.93,,,0.3651419166666666
507,-52.487396178742706,-59.71960832121888,42,27.69,,,0.36422675000000004
508,-28.15844539378914,-59.78413833133601,27,27.27,,,0.36362191666666666
509,-39.8176715427878,-59.030109844028196,47,27.65,,,0.3630471666666667
510,-75.6763641411775,-58.98779794818657,29,27.75,,,0.3614638333333333
511,-49.39251650536009,-58.85110168344424,7,27.63,,,0.36086533333333337
512,-24.761476137393117,-58.83842818343056,31,27.85,,,0.359282
513,-37.687813188788446,-58.41392304696302,20,27.81,,,0.35894475000000003
514,-49.89602934264725,-58.17404088797856,8,27.76,,,0.35840324999999995
515,-35.92727068459785,-57.785764449237476,10,27.58,,,0.35773508333333337
516,-31.87940328708609,-57.464502711367224,35,27.81,,,0.35734875
517,-36.345474649164174,-57.38059575509564,43,28.08,,,0.3567344166666666
518,-69.39174388317105,-57.060513193927356,16,28.17,,,0.3555263333333333
519,-81.59140976770371,-57.40489446261099,27,28.32,,,0.353943
520,-20.758890330212523,-56.713483365913106,88,29.15,,,0.3523596666666666
521,-63.53433962241828,-57.05923655348477,63,29.66,,,0.35077633333333336
522,-46.94075219735406,-56.76563121988687,18,29.75,,,0.35002425000000004
523,-95.97291744756788,-57.325386661601705,31,29.98,,,0.34844091666666666
524,-76.8640654756176,-57.74167453786763,23,29.89,,,0.3468575833333333
525,-79.80357748218206,-57.86969531016149,26,30.07,,,0.34527425
526,-102.80356782363839,-58.37704479695896,27,30.25,,,0.34370199999999995
527,-66.33496644348244,-58.34882152021487,7,29.99,,,0.3428565
528,-87.0284414756698,-58.862191487038324,22,29.83,,,0.34159933333333337
529,-53.59515873147724,-58.60046429717931,29,29.69,,,0.34076649999999997
530,-78.77219698287593,-58.990714457813084,45,29.7,,,0.33933199999999997
531,-62.40647100502808,-58.980990049108044,44,29.86,,,0.3377486666666667
532,-72.52111737460287,-59.391661569815966,47,30.05,,,0.3364788333333333
533,-78.20393618061172,-59.84448118726686,22,30.07,,,0.3348955
534,-64.12812386156187,-59.54576242588248,4,30.05,,,0.33418458333333334
535,-81.62001885494098,-59.64451314020949,25,30.17,,,0.33260124999999996
536,-75.50695496707418,-60.02171571438345,31,30.08,,,0.3310179166666667
537,-33.06367840806716,-59.999792725263,2,29.96,,,0.33062841666666665
538,-62.13778279774511,-59.90159152363484,40,30.16,,,0.3290450833333334
539,-18.225441343771486,-59.360613615682766,103,31.09,,,0.3279810833333333
540,1.2288489171413897,-58.37305950556513,154,32.5,,,0.32639775000000004
541,-55.5548488839196,-58.62368934635083,104,32.75,,,0.32481441666666666
542,-53.70002587628427,-58.94941659038829,53,32.83,,,0.3232310833333333
543,-65.21331154245209,-58.96866089114278,55,33.2,,,0.32164775
544,-57.792062255617694,-59.224292904708165,35,33.38,,,0.32006441666666663
545,-71.4847760122787,-59.12714066483095,49,33.81,,,0.31848108333333336
546,-40.48029407170365,-58.4983630310865,25,33.97,,,0.3179364166666666
547,-47.64897990593645,-58.28199629221731,27,33.81,,,0.31734266666666666
548,-41.696125918620986,-58.387182191892364,44,34.19,,,0.3165019166666666
549,-41.791663698058166,-58.5538544202229,21,33.31,,,0.3157466666666666
550,-30.316200958323336,-58.1967548597533,34,33.53,,,0.3153476666666667
551,-26.837944466079918,-57.83007127325687,47,33.89,,,0.3144910833333333
552,-103.75101963980805,-58.231850099504854,27,33.6,,,0.3130518333333333
553,-92.77129559705062,-58.30095317721036,32,33.52,,,0.31146850000000004
554,-86.85058352305393,-58.519274593614085,41,33.87,,,0.31000550000000004
555,-63.03668516105625,-58.865444670418334,49,34.09,,,0.30842216666666666
556,-35.58421180165155,-58.4804490238182,30,34.18,,,0.30790758333333335
557,-26.54736327985476,-58.02174918222401,60,34.41,,,0.3070905833333333
558,-99.70052761509498,-58.43768082083112,37,34.55,,,0.30558799999999997
559,-69.05421037341304,-58.59741933280297,27,34.76,,,0.30460475
560,-98.00000000000001,-58.987415517231035,3,34.72,,,0.3036468333333333
561,-75.02353629660044,-58.8699210536104,38,34.88,,,0.30246249999999997
562,-46.743882825138655,-58.88451266567303,12,34.91,,,0.30206350000000004
563,-48.350010243378996,-58.68650105486945,25,34.99,,,0.30126074999999997
564,-65.02890179893915,-58.45218047599866,56,35.26,,,0.29999408333333333
565,-96.39333252459205,-58.40911380124457,38,35.56,,,0.29846933333333336
566,-76.54394316164863,-58.94403266186756,29,35.33,,,0.296886
567,-34.63922327251293,-59.09820519168997,33,35.2,,,0.2959898333333333
568,-85.1532020565309,-59.00968731804032,32,35.4,,,0.29443341666666667
569,-55.639130810776024,-59.15302009830237,41,35.51,,,0.29357524999999995
570,-6.229887293508109,-58.306433898638815,161,36.96,,,0.2925888333333333
571,-72.31731042859671,-58.50658064423114,49,37.11,,,0.29100550000000003
572,-91.18690098017103,-58.75370985523834,20,36.85,,,0.28970874999999996
573,-69.32218794523708,-58.97872580740887,35,37.07,,,0.28879199999999994
574,-63.04509910179144,-59.2021907614135,61,37.42,,,0.28720866666666667
575,-76.71489890895045,-59.1888851229585,31,37.64,,,0.2856253333333333
576,-85.73333300500627,-59.72173999508764,5,37.3,,,0.28459141666666665
577,-53.3697417031898,-59.25243741211954,22,37.45,,,0.2839311666666666
578,-54.19894032921707,-59.53722394675054,27,37.47,,,0.28315691666666665
579,-86.72298626209592,-60.1423175549869,12,37.07,,,0.2815735833333334
580,-29.32401440128558,-60.00065415104016,46,37.44,,,0.2806346666666667
581,-40.89535342534801,-59.575654214685365,28,37.46,,,0.2801691666666667
582,-41.81064075682109,-59.81323255730016,22,36.26,,,0.27966408333333337
583,-76.86614797761698,-59.94366959289925,27,36.21,,,0.27808075
584,-53.592636853015776,-59.67326398039613,53,36.57,,,0.2764974166666666
585,-94.09587247433413,-60.22851400283737,66,36.62,,,0.27492041666666667
586,-20.697152068179378,-60.071143644895116,136,37.8,,,0.2733370833333333
587,-72.70403552061441,-59.951200311086296,52,37.86,,,0.27208941666666664
588,-71.58137142918889,-59.802261846521,45,37.96,,,0.27050608333333337
589,-65.37727425241403,-59.45571676205882,21,37.89,,,0.2695624166666667
590,-40.93361598219288,-58.854120653843985,33,38.11,,,0.26838758333333335
591,-49.6537182687221,-59.0991002048127,60,38.26,,,0.2674850833333333
592,-101.26319496023599,-59.7136071064316,29,38.45,,,0.26647175
593,-88.32531423637872,-59.68588779081331,29,38.43,,,0.2651005833333333
594,-59.47316568326503,-59.45610566271437,32,38.45,,,0.26406033333333334
595,-89.57836833772531,-59.56388843030082,44,38.58,,,0.26271924999999996
596,-37.0303470920312,-59.13940243105603,56,38.86,,,0.2619940833333333
597,-69.28729744991861,-59.093850153612436,17,38.84,,,0.26041075
598,-49.48890510378528,-59.16823822538254,20,38.71,,,0.2598296666666666
599,-28.3206743146052,-59.19451395158483,42,38.61,,,0.25951141666666666
600,-80.77933092527321,-59.942644089526055,4,38.05,,,0.25856141666666665
601,-75.58670469117263,-59.83756771729304,37,38.03,,,0.2569780833333333
602,-71.03295999886963,-59.74474330019442,47,38.24,,,0.25592675
603,-56.900000000000176,-59.84500543121149,5,37.7,,,0.2553504166666667
604,-68.48065176244614,-60.17906957485171,28,37.81,,,0.25440833333333335
605,-49.335143453211046,-59.98980123897968,14,37.76,,,0.2533205833333333
606,-53.91335295523797,-60.18502388493198,33,37.46,,,0.2526270833333333
607,-39.23475314981208,-60.05249745464266,51,37.55,,,0.25201275
608,-51.83079503869436,-60.289220951091714,26,37.54,,,0.251324
609,-63.11268546530692,-60.522171090316895,18,37.25,,,0.2505101666666667
610,-76.90071911795594,-60.53441464008469,49,37.45,,,0.24931000000000003
611,-29.207249885695166,-60.33256197388803,46,37.84,,,0.2489410833333333
612,-78.8427139571752,-60.873374352085854,30,37.83,,,0.24735775000000004
613,-38.167685992733375,-60.87817308012531,12,37.75,,,0.24695241666666667
614,-102.84416023219106,-61.40765438902074,26,37.93,,,0.2454609166666667
615,-80.944816343425,-61.85782984560902,28,38.11,,,0.24422275000000004
616,-50.27237374355505,-62.04175955017371,4,37.8,,,0.2437604166666667
617,-58.11474593750292,-62.2594522630571,43,37.8,,,0.242869
618,-22.714180883933107,-61.79267663306472,52,38.16,,,0.24254283333333337
619,-73.14582124389938,-61.70822074782668,23,38.12,,,0.24171949999999998
620,-108.96949817278147,-62.590326826252365,40,37.64,,,0.24047658333333333
621,-67.63211640571515,-62.63130459408533,64,37.65,,,0.23889324999999995
622,-72.15547316861092,-62.8834518037979,42,37.89,,,0.23730991666666668
623,-72.0406546632358,-62.644129175954575,47,38.05,,,0.2357265833333333
624,-33.15294770433946,-62.2070179982418,58,38.4,,,0.23519616666666665
625,-70.42592244243144,-62.11324144784428,47,38.61,,,0.233977
626,-64.75746461672763,-61.73278041577518,22,38.56,,,0.23310933333333328
627,-18.507935609317638,-61.254510107433525,90,39.39,,,0.231526
628,-35.57335057868038,-60.73995919846364,23,39.4,,,0.23074858333333337
629,-48.21794295965761,-60.68618704074544,60,39.71,,,0.22973999999999994
630,-101.16613165699505,-60.91012638748663,6,39.32,,,0.22845433333333331
631,-78.72471569031237,-61.07330883433947,22,39.1,,,0.22687100000000004
632,-37.78153725764357,-60.725913033169874,19,38.82,,,0.22655274999999997
633,-79.12380240853348,-60.73511169544909,54,39.14,,,0.22524175000000002
634,-62.68321542464864,-60.72066261107996,77,39.87,,,0.22365841666666664
635,-78.61409896212935,-60.69060341215184,33,39.95,,,0.22207508333333337
636,-75.71601301609672,-60.69269399264206,34,39.98,,,0.22049175
637,-65.66526828231731,-61.01870989138457,38,40.34,,,0.21951008333333333
638,-76.16112592479453,-61.15894332265506,32,40.26,,,0.21846983333333336
639,-71.05523044061965,-61.687241213623544,28,39.51,,,0.21739316666666664
640,-0.6143865767445288,-61.705673568562396,182,39.79,,,0.21580983333333337
641,-71.81855164183125,-61.868310596141534,36,39.11,,,0.21474424999999997
642,-78.9261736669412,-62.1205720740481,32,38.9,,,0.2131609166666667
643,-90.03226463271793,-62.36876160495076,9,38.44,,,0.21191958333333327
644,-31.467085331325027,-62.10551183570783,82,38.91,,,0.21093633333333328
645,-70.67921961285478,-62.09745627171359,60,39.02,,,0.209353
646,-85.42700756080002,-62.546923406604535,31,39.08,,,0.20776966666666663
647,-97.33331621259221,-63.0437667696711,2,38.83,,,0.20659958333333328
648,-30.474483382522887,-62.931550344310125,94,39.33,,,0.20501625
649,-22.092846445656257,-62.73456217178611,25,39.37,,,0.20343291666666663
650,-49.025109555525766,-62.92165125775813,16,39.19,,,0.20210608333333335
651,-78.17889511973097,-63.43506076429466,36,39.08,,,0.20052274999999997
652,-58.516915981650996,-62.98271972771308,24,39.05,,,0.19977699999999998
653,-58.534072302004795,-62.64034749476263,82,39.55,,,0.1981936666666667
654,-30.494266447140017,-62.076784324003484,37,39.51,,,0.19778516666666668
655,-47.54036609400222,-61.921821133332934,19,39.21,,,0.19730858333333334
656,-80.45569394649321,-62.37053595478135,18,39.09,,,0.19572524999999996
657,-50.80272941331227,-62.61308961611594,23,38.72,,,0.19509825000000003
658,-86.89796944362756,-62.485064034401255,2,38.37,,,0.19422425
659,-87.52426147062086,-62.66976454537335,22,38.32,,,0.1926409166666666
660,-50.500000000000085,-62.194764545373346,2,38.31,,,0.1922134166666667
661,-42.224055914716196,-61.8667697415545,29,38.22,,,0.19116524999999995
662,-27.88477017799075,-61.67817861508301,32,38.42,,,0.19054933333333335
663,-40.60104680109743,-61.600688980660195,62,38.79,,,0.18985266666666667
664,-27.56549760815666,-61.22605493875237,40,38.63,,,0.1892874166666667
665,-52.11209119084809,-60.783242525414934,21,38.46,,,0.1880318333333333
666,-113.79999999999922,-61.15580309379845,6,38.23,,,0.18653874999999998
667,-78.42073907230501,-61.59361825179636,17,38.07,,,0.18555549999999998
668,-61.465684341380545,-61.35674307464487,13,37.88,,,0.18490474999999995
669,-49.54219138540514,-61.29577368039115,15,37.62,,,0.18386133333333332
670,-60.59543973013663,-61.83942920475744,18,36.19,,,0.18316624999999997
671,-67.4530353702177,-61.79078645417364,8,35.78,,,0.18214183333333334
672,-110.23410857458627,-61.98125853011779,33,35.91,,,0.1806234166666667
673,-40.00161829867939,-61.68805283365222,59,36.15,,,0.1798729166666666
674,-41.3742164563322,-61.471344007197615,22,35.76,,,0.17828958333333333
675,-85.25500261272957,-61.55674504423541,29,35.74,,,0.17670624999999995
676,-105.0007275316975,-61.74941898950232,14,35.83,,,0.17533508333333336
677,-49.28444880470558,-61.708566060517484,34,35.95,,,0.17465583333333334
678,-82.2545770798556,-61.98912242802387,27,35.95,,,0.17307249999999996
679,-5.797906956512878,-61.17987163496803,88,36.71,,,0.1714891666666667
680,-92.59504076743205,-61.8125818986295,47,36.72,,,0.17001983333333337
681,-81.71506146411731,-62.2207789790172,38,36.82,,,0.16845549999999998
682,-41.60000000000003,-62.218672571449,4,36.64,,,0.16813725000000002
683,-71.79758915431815,-62.167986983216004,62,36.99,,,0.16655391666666663
684,-73.42990818503064,-62.36635969653616,64,37.1,,,0.16497058333333336
685,-62.50000000000032,-62.050400971792804,15,36.59,,,0.16414724999999997
686,-88.0037145521952,-62.72346659663297,23,35.46,,,0.1625639166666667
687,-66.70302409229566,-62.66345648234979,14,35.08,,,0.16174216666666663
688,-42.66136582375197,-62.37425642629542,18,34.81,,,0.1605625833333333
689,-17.202523543758225,-61.892508919208865,51,35.11,,,0.15897925000000002
690,-39.40467964516408,-61.87721955583857,45,35.23,,,0.15739591666666664
691,-74.53398060979995,-62.12602217924936,53,35.16,,,0.15581258333333337
692,-81.32507861805085,-61.9266410158275,32,35.19,,,0.15422924999999998
693,-89.97039904946334,-61.943091863958344,12,35.02,,,0.15320958333333334
694,-64.94032655236768,-61.997763472649375,53,35.23,,,0.15218833333333337
695,-87.70922739639359,-61.97907206323605,23,35.02,,,0.150605
696,-101.34745346671298,-62.62224312698287,21,34.67,,,0.1490216666666666
697,-24.89618387839974,-62.17833199126769,53,35.03,,,0.1486765
698,-34.66915692033318,-62.03013450943317,115,35.98,,,0.1470931666666666
699,-30.70468625848098,-62.05397462887192,31,35.87,,,0.14650891666666666
700,-84.05476235635449,-62.08672894318273,17,36.0,,,0.14539899999999994
701,-76.70496911752595,-62.09791158744626,38,36.01,,,0.14381566666666667
702,-18.820714241506604,-61.57578912987264,62,36.16,,,0.14345149999999995
703,-108.99757588418296,-62.09676488871445,6,36.17,,,0.1420629166666667
704,-51.31449875097377,-61.925103358599735,13,36.02,,,0.14128708333333329
705,-19.913819729898837,-61.63089012136661,61,36.49,,,0.14093083333333334
706,-53.538970571612055,-61.62714629753036,35,36.51,,,0.13934749999999996
707,-28.842239988397452,-61.52322116591621,30,36.3,,,0.13902925
708,-28.997094534848348,-61.294884160877764,41,36.45,,,0.13866983333333327
709,-91.99999999999903,-61.583757306224676,8,36.35,,,0.1370865
710,-114.54105172416372,-61.96016063228675,13,35.99,,,0.13550316666666662
711,-61.974615909458336,-62.28783429252439,84,36.37,,,0.13391983333333335
712,-98.52577025509936,-62.48466485550362,6,36.13,,,0.1326626666666667
713,-83.48638797489541,-62.93785187532525,19,36.2,,,0.13107933333333333
714,-64.03691977926914,-62.54977947079603,33,36.27,,,0.13016574999999997
715,-79.13235563662343,-62.531654863728,34,36.33,,,0.12900199999999995
716,-75.51675196853769,-62.78409864597783,24,36.53,,,0.12802824999999995
717,-91.03126019257076,-63.1132637885285,22,36.32,,,0.12644491666666668
718,-77.1981276441998,-63.65810325613118,49,36.29,,,0.1248615833333333
719,-96.90224723292063,-63.89566751602138,7,36.13,,,0.12327825000000003
720,-79.09286369123649,-63.59690117120596,53,36.26,,,0.12204324999999994
721,-96.83537782403785,-63.888933785389185,3,35.65,,,0.12045991666666667
722,-88.7328763820366,-64.05470781752344,26,35.49,,,0.11887658333333329
723,-98.9954273841899,-64.32425554473296,12,35.14,,,0.11729325000000002
724,-54.9588859804407,-64.54231492749398,8,34.64,,,0.11592683333333331
725,-81.39469299215921,-64.65200263299126,62,34.79,,,0.11434350000000004
726,-66.2756760877233,-64.66718474770121,11,34.68,,,0.11355499999999996
727,-49.65498087268604,-64.9786552003349,85,34.63,,,0.11197166666666669
728,-23.18263175956482,-64.85474801214374,156,35.96,,,0.11038833333333331
729,-66.08438006804474,-65.03341238322761,54,35.9,,,0.10934333333333335
730,-23.51966769610204,-64.25694774361868,31,36.15,,,0.10775999999999997
731,-86.90772447383577,-64.33877783145391,34,36.27,,,0.10652183333333332
732,-14.135557216592366,-64.10231803104341,168,37.76,,,0.10493850000000005
733,-56.05046253828394,-63.8715846323409,15,37.37,,,0.10431941666666666
734,-33.15904253773917,-63.5763429034718,25,36.85,,,0.1040011666666667
735,-12.580676342840215,-62.91600867727892,70,37.22,,,0.10241783333333332
736,-51.91204387185638,-62.677968985836515,20,37.08,,,0.10083449999999994
737,-71.68702231027268,-62.73818652611606,30,37.0,,,0.09986074999999994
738,-23.234775276951645,-62.20892301963764,43,37.11,,,0.09827741666666667
739,-62.179585950188304,-62.12016657473333,43,37.26,,,0.09730208333333334
740,-85.30576102037624,-62.967080319169646,30,35.74,,,0.09571874999999996
741,-84.78778467810284,-63.09677264953236,33,35.71,,,0.0941354166666667
742,-15.64927431435902,-62.46400365600655,62,36.01,,,0.09381716666666662
743,-32.27917034480299,-61.8864727131274,32,36.24,,,0.09349891666666665
744,-48.651629659829396,-62.05831815641243,34,35.76,,,0.09191558333333327
745,-93.28260804257032,-62.284352040709585,34,35.5,,,0.09050800000000003
746,-37.35415014172428,-61.80362346651882,27,35.46,,,0.08892466666666665
747,-107.57109655270104,-61.906001269919926,29,35.73,,,0.08734608333333327
748,-73.40749731718057,-62.3353314092665,46,35.25,,,0.08576275
749,-101.22555368107412,-63.12665848162068,34,35.34,,,0.08429341666666668
750,-35.25154601332222,-62.98892284619865,20,35.38,,,0.0827100833333333
751,-99.50495105270193,-63.20218340552836,29,35.31,,,0.08129933333333328
752,-78.73347673765026,-63.40434901308834,35,35.42,,,0.08018783333333335
753,-97.74806024809853,-63.796488892549284,2,34.62,,,0.07860449999999997
754,-46.65554358908492,-63.95810166396873,36,34.61,,,0.0770211666666667
755,-93.49328607092176,-64.41763086373793,19,34.61,,,0.07543783333333332
756,-23.53189920370499,-63.84839291631004,39,34.82,,,0.07385450000000005
757,-91.28119468666821,-64.2531775690436,14,34.73,,,0.07227116666666666
758,-75.0731767817085,-64.13492964242441,45,35.16,,,0.07068783333333328
759,-85.22448751965834,-64.11193190291479,29,35.23,,,0.06910450000000001
760,-86.09776365732424,-64.46790953948803,31,35.52,,,0.06752116666666663
761,-50.90000000000009,-64.55466898034086,2,35.25,,,0.06708733333333328
762,-78.98456994851402,-65.0656669780461,43,35.36,,,0.065504
763,-86.615922111095,-65.52581573114608,34,35.08,,,0.06392066666666663
764,-85.59920696916652,-66.10615282475618,30,34.98,,,0.062337333333333356
765,-86.60309048963275,-66.45106281774402,22,34.99,,,0.060753999999999975
766,-47.648435927161884,-65.78954717701565,90,35.83,,,0.05960291666666662
767,-21.432410923962365,-65.21966389553222,42,36.08,,,0.05801958333333335
768,-85.423730460225,-65.45924435672066,22,36.17,,,0.056436249999999966
769,-30.059778652502352,-65.26442022939163,22,36.24,,,0.054852916666666696
770,-97.9999999999987,-65.63846583209026,2,36.08,,,0.053269583333333315
771,-31.46149380838121,-65.2785504164719,12,36.12,,,0.051686250000000045
772,-93.33561484737938,-65.10956547919983,16,35.95,,,0.050102916666666664
773,-79.67125095617685,-65.5062618057748,34,35.7,,,0.05
774,-46.5163355625239,-65.55768299683672,47,35.95,,,0.05
775,-76.04683947318301,-65.46560136544126,56,36.22,,,0.05
776,-17.354846664031808,-64.58914255676459,53,36.61,,,0.05
777,-63.88034224690007,-64.73510149118654,105,37.32,,,0.05
778,-91.65326542422066,-64.82908837463019,18,37.23,,,0.05
779,-93.39564473551394,-65.7050657524202,14,36.49,,,0.05
780,-82.96386794251079,-65.60875402417099,35,36.37,,,0.05
781,-85.25150448433985,-65.64411845437321,34,36.33,,,0.05
782,-31.740837699209017,-65.5455268313653,32,36.61,,,0.05
783,-77.10848504213128,-65.59863579024342,51,36.5,,,0.05
784,-83.129813162249,-65.69563484001561,33,36.19,,,0.05
785,-80.20317034721585,-65.87266654348777,42,36.46,,,0.05
786,-42.01338523906772,-65.41276325035649,13,36.36,,,0.05
787,-32.40568086913518,-65.0697898181249,4,36.26,,,0.05
788,-51.84643552413883,-65.16164051512875,36,36.44,,,0.05
789,-87.72018105938504,-65.86681709028502,31,36.24,,,0.05
790,-82.88240860488105,-66.30159437988219,37,36.16,,,0.05
791,-25.617289415296433,-65.81242746793716,31,35.94,,,0.05
792,-59.879480024145906,-65.5979714819981,29,35.91,,,0.05
793,-93.7360617940748,-65.63562810944423,12,35.91,,,0.05
794,-24.29940995575248,-65.22921894347809,40,35.78,,,0.05
795,-53.64612247484689,-64.88858789426261,48,36.03,,,0.05
796,-65.92264829645205,-64.53433984256002,24,36.06,,,0.05
797,-86.05457643321407,-65.14592376810815,28,35.81,,,0.05
798,-86.63958284996535,-65.66562802740447,26,34.92,,,0.05
799,-33.71661060208262,-65.69574727084047,25,34.86,,,0.05
800,-17.391270622372733,-65.02911235350066,59,35.28,,,0.05
801,-19.156856445840358,-64.45363122678381,51,35.41,,,0.05
802,-31.298461038617873,-64.57840869475491,9,34.88,,,0.05
803,-32.079184372474074,-63.80922477963782,40,35.22,,,0.05
804,-89.71063963604298,-64.19318618848851,22,35.31,,,0.05
805,-87.13589557921004,-64.86540694698164,19,34.89,,,0.05
806,-57.93282911476892,-64.90934553241321,71,35.25,,,0.05
807,-80.73770811484147,-65.42830021367764,47,35.42,,,0.05
808,-84.38275913450191,-65.98215685967418,32,35.33,,,0.05
809,-87.56730490869265,-65.93782990876112,20,35.45,,,0.05
810,-36.77520039151414,-65.16017139543462,29,35.61,,,0.05
811,-76.4557943445036,-65.30498317978507,34,35.11,,,0.05
812,-22.681282654060237,-64.54653830377468,56,35.61,,,0.05
813,-36.926942614701325,-64.08094385017273,11,35.53,,,0.05
814,-89.27478351101837,-64.33332248749022,14,35.34,,,0.05
815,-23.54886160109344,-63.77748754713493,37,35.37,,,0.05
816,-86.01562933511286,-63.88247632080069,27,35.4,,,0.05
817,-29.84427125018719,-63.270606431376855,21,35.39,,,0.05
818,-69.92620143073736,-63.19788716924224,47,35.37,,,0.05
819,-25.72517886214337,-62.48611648553446,45,35.75,,,0.05
820,-4.357026216429103,-61.73875811078639,71,35.93,,,0.05
821,-31.7435001619948,-61.08783933416595,30,36.2,,,0.05
822,-85.54814112205878,-61.05599198156619,34,36.28,,,0.05
823,-67.3417284029033,-60.73945499175332,74,36.9,,,0.05
824,-33.10882003373237,-60.52095433228624,27,37.09,,,0.05
825,-96.99999999999876,-60.67700740236462,3,36.5,,,0.05
826,-29.270174268716893,-60.30695238417456,20,36.59,,,0.05
827,-65.9290280671203,-60.46969285611889,44,36.18,,,0.05
828,-38.41823030371021,-60.62204884156036,30,34.92,,,0.05
829,-39.90009569034873,-60.36020599778339,35,34.73,,,0.05
830,-86.05703559542762,-60.985579676776645,34,34.76,,,0.05
831,-28.247073343380208,-60.39897316547208,71,35.13,,,0.05
832,-87.33456626882973,-61.13096325599446,25,33.7,,,0.05
833,-52.78502517363684,-61.098308882348,99,34.54,,,0.05
834,-85.07462411769082,-61.617464698147515,30,34.59,,,0.05
835,-82.3296998524447,-62.314954933243556,36,34.25,,,0.05
836,-32.39555620497531,-62.11979005657475,21,34.26,,,0.05
837,-104.37588734970718,-62.44667870696909,13,34.09,,,0.05
838,7.347697163998263,-62.140853982559584,141,35.07,,,0.05
839,-77.87444098953357,-62.297802532953035,44,35.08,,,0.05
840,-41.18196231633874,-61.856564545912676,41,35.19,,,0.05
841,-72.86293325959022,-61.73731603172753,51,35.37,,,0.05
842,-73.48450968015621,-62.31566838538552,32,35.07,,,0.05
843,-67.45968573272692,-62.667473539264755,86,35.61,,,0.05
844,-40.66690334504211,-62.587626276116886,15,35.42,,,0.05
845,-75.81994212850257,-62.412999616976215,46,35.54,,,0.05
846,-85.20925327774026,-62.89155064833637,31,35.58,,,0.05
847,-27.855295466551773,-62.094392637474876,30,35.59,,,0.05
848,-8.175015838493206,-61.44206782268799,100,36.13,,,0.05
849,5.944316451100187,-60.370369121366245,138,37.17,,,0.05
850,-84.36157496892143,-60.86146941092224,36,37.33,,,0.05
851,-18.64719797218812,-60.0528918801171,72,37.76,,,0.05
852,-81.30306223869363,-60.07858773512753,20,37.61,,,0.05
853,-85.65372228623366,-59.95764435550888,34,37.93,,,0.05
854,-69.62738338587498,-60.18736275347678,15,37.72,,,0.05
855,-80.6924490776042,-60.05935438354361,43,37.96,,,0.05
856,-74.68185041437279,-60.570853895650295,47,38.04,,,0.05
857,-83.71221409923523,-60.49516408977597,33,38.23,,,0.05
858,-68.12922089244788,-60.42572453088335,28,38.06,,,0.05
859,-80.10072150318648,-60.37448687071864,39,38.16,,,0.05
860,-19.032615041298882,-59.70383538455839,43,38.28,,,0.05
861,-44.524331479971885,-59.64007869935811,33,38.59,,,0.05
862,-9.567027262103878,-58.94590327249401,69,38.85,,,0.05
863,-34.670424703780164,-58.426448298420866,59,39.1,,,0.05
864,-23.073573658878242,-57.801191965317976,67,39.47,,,0.05
865,-97.99999999999864,-57.91516106042163,2,39.27,,,0.05
866,-16.12387081445596,-57.599915409294574,59,38.96,,,0.05
867,-98.28520455319116,-58.368443345586854,30,38.84,,,0.05
868,-83.69309223521883,-58.35113696333679,30,38.92,,,0.05
869,-23.123419834562952,-58.28177337515739,72,39.42,,,0.05
870,-93.485787527305,-58.236631250430456,27,39.67,,,0.05
871,-29.886197479275122,-58.220878287139406,28,39.83,,,0.05
872,-22.302725203560264,-57.510549390701215,51,40.18,,,0.05
873,-50.738676708962736,-57.22122364822908,20,40.04,,,0.05
874,-7.8926509440670145,-56.834986802044504,206,41.63,,,0.05
875,-72.98534817027192,-56.80437188901539,32,41.39,,,0.05
876,-68.09736177415415,-57.311797040116616,21,41.07,,,0.05
877,-62.40000000000023,-57.29699361764763,8,40.1,,,0.05
878,-77.44448125729394,-57.15490577597836,41,40.33,,,0.05
879,-85.93016185148899,-57.080250947138104,32,40.51,,,0.05
880,-10.72748338955944,-56.3578871016086,65,40.81,,,0.05
881,-21.750443226866146,-55.72287648903385,37,40.84,,,0.05
882,-27.50817568104971,-55.68054986885226,60,41.12,,,0.05
883,-72.27903995155526,-55.632255417946496,51,41.12,,,0.05
884,-32.176921237854906,-55.12272649870255,116,41.95,,,0.05
885,-76.56127168993822,-55.08630751212978,48,42.01,,,0.05
886,-80.16194483450161,-55.46779310808412,33,42.21,,,0.05
887,-88.56465345633696,-56.029382833956134,22,42.39,,,0.05
888,-28.02603595183246,-55.79117883823307,42,42.45,,,0.05
889,-93.7504613441176,-55.8514816410804,28,42.42,,,0.05
890,-89.20131954572948,-55.914670750488874,27,42.32,,,0.05
891,19.6266635064444,-55.462231221271466,182,43.83,,,0.05
892,-79.56786400322505,-55.659115061062266,32,43.86,,,0.05
893,-64.04211140386994,-55.36217555716021,80,44.54,,,0.05
894,-81.66418572973873,-55.93582331490009,39,44.53,,,0.05
895,-78.06478650715292,-56.18000995522315,51,44.56,,,0.05
896,-82.35010961109603,-56.34428456836959,34,44.66,,,0.05
897,-20.116786114158472,-55.684906665179035,52,44.9,,,0.05
898,-7.640635642156328,-54.894917193100945,88,45.52,,,0.05
899,-81.92668975564489,-55.37701798463656,43,45.7,,,0.05
900,-66.22230616160476,-55.86532834002888,48,45.59,,,0.05
901,-75.49311907092753,-56.42869096627975,51,45.59,,,0.05
902,-87.13868844297221,-56.98709324032328,22,45.72,,,0.05
903,-76.49042169321991,-57.43120561353076,62,45.94,,,0.05
904,-17.716108040879195,-56.71126029757911,162,47.34,,,0.05
905,-83.74621732886618,-56.67736351507568,34,47.49,,,0.05
906,-51.37383568686846,-56.61177358079667,149,48.27,,,0.05
907,-79.69235410162229,-56.60132004066449,48,48.28,,,0.05
908,-68.41428191766751,-56.44163526849613,43,48.39,,,0.05
909,-11.44175947125284,-55.68037981412175,67,48.86,,,0.05
910,-43.14872271261007,-55.744115037332705,3,48.6,,,0.05
911,25.020427855856465,-54.729352815329094,195,50.21,,,0.05
912,-72.22043878909014,-55.22474437667939,46,50.11,,,0.05
913,-25.052096211406557,-55.10599591264645,46,50.46,,,0.05
914,-3.1512595642251404,-54.244760673178504,109,51.41,,,0.05
915,-14.143946582573255,-54.15071152299331,93,51.97,,,0.05
916,-38.36265978724721,-53.67418182751466,127,52.97,,,0.05
917,-81.41795034250472,-54.18991861843783,32,53.08,,,0.05
918,-76.17006599968403,-54.2523572641273,49,53.1,,,0.05
919,-36.79482869243324,-54.36305376243019,97,53.62,,,0.05
920,-17.05870448093652,-54.49007054507526,67,53.58,,,0.05
921,-97.99999999999874,-55.1526355434553,2,53.3,,,0.05
922,-74.90918615726223,-55.04624599380734,57,53.53,,,0.05
923,-90.99738596908453,-55.28280256946916,19,52.98,,,0.05
924,-15.595864770423475,-55.10767301683607,47,53.18,,,0.05
925,-85.63630825687177,-54.994036099404795,28,53.43,,,0.05
926,-77.89802088287233,-55.48031456554636,43,53.66,,,0.05
927,-91.22930490177326,-55.73331733389287,14,53.36,,,0.05
928,-21.59463443550538,-55.56508137521083,57,53.63,,,0.05
929,-34.89384118097439,-55.515018830117086,19,53.47,,,0.05
930,-79.45707125283356,-55.449019186691146,34,53.47,,,0.05
931,-65.97684247827146,-55.82631687804005,84,53.6,,,0.05
932,-17.294982094942455,-55.125921036301186,59,53.94,,,0.05
933,-27.735439913440555,-54.87542518369923,40,53.35,,,0.05
934,-96.01046994469714,-54.98478364196929,50,53.55,,,0.05
935,-32.58079959106832,-54.487294639355525,31,53.5,,,0.05
936,-25.958025052528136,-54.42291932783105,101,54.3,,,0.05
937,-84.27924094742353,-54.22195286380822,30,54.47,,,0.05
938,-79.75781433736951,-55.09300797882188,31,53.37,,,0.05
939,-68.964384239425,-55.0039074113208,25,53.18,,,0.05
940,-82.89809487660992,-55.42106873692352,48,53.25,,,0.05
941,-87.72849929079968,-55.569724397235625,33,53.07,,,0.05
942,-19.84552290319104,-55.03333452946597,55,53.3,,,0.05
943,-78.25207774507341,-55.14125844958943,36,52.8,,,0.05
944,-31.881353877252746,-55.05340295491153,45,53.1,,,0.05
945,-94.63727750879549,-55.24157630871446,51,53.15,,,0.05
946,-17.70651980249545,-54.566548973962014,161,54.45,,,0.05
947,-72.07869320927847,-55.00878295138929,56,54.71,,,0.05
948,-82.1170389131521,-55.748203182135875,26,53.97,,,0.05
949,-78.21870333473217,-56.5898333799942,48,53.07,,,0.05
950,-44.00000000000002,-56.186217630304974,17,52.88,,,0.05
951,-74.18478347756007,-56.7415934853587,55,52.71,,,0.05
952,-100.09876472398294,-56.929550510211584,16,52.67,,,0.05
953,-75.51754924665444,-56.828188779815804,40,52.73,,,0.05
954,-82.06970154281692,-56.95261196138521,38,52.96,,,0.05
955,-44.33005880899652,-56.58898805869915,73,53.26,,,0.05
956,-85.59304599805984,-56.698100014536024,27,53.06,,,0.05
957,-80.25875774760132,-56.663565451019686,49,53.22,,,0.05
958,-81.4674081616413,-56.79694732371162,38,53.32,,,0.05
959,-27.434136867163133,-56.27028147735138,35,53.28,,,0.05
960,-68.05846124220093,-56.7605399393604,61,53.46,,,0.05
961,-72.8576218563184,-57.043872843123864,58,53.71,,,0.05
962,-73.17522119448736,-57.6799547824477,55,53.57,,,0.05
963,-70.24078664618774,-58.035658401871785,67,53.65,,,0.05
964,-15.648408979413293,-57.96140675507712,63,53.61,,,0.05
965,-31.18386584184723,-57.29324541349561,19,53.78,,,0.05
966,-75.84203151185986,-57.89042702046965,37,53.56,,,0.05
967,-76.13398578748799,-57.668914832812625,49,53.75,,,0.05
968,-17.623771813258514,-57.00822162859302,137,54.82,,,0.05
969,-77.59085517015201,-57.552895981948915,60,54.7,,,0.05
970,-79.08088454699345,-57.408846952145794,33,54.76,,,0.05
971,-101.24753492298065,-58.12246032658286,32,54.8,,,0.05
972,-27.448283209281406,-58.17391590664006,32,54.61,,,0.05
973,-25.565886959796906,-57.922188009148414,46,54.87,,,0.05
974,-79.70343468784,-58.640295846586135,16,52.97,,,0.05
975,-17.90312213031263,-58.08947358618654,69,53.34,,,0.05
976,-82.06837994115567,-58.22918376785655,31,53.44,,,0.05
977,0.924432108553714,-57.59593944677102,110,54.46,,,0.05
978,-105.91030170564072,-57.880597651254476,7,54.12,,,0.05
979,-77.92983240406771,-57.80059435678026,50,54.3,,,0.05
980,-81.873402310392,-58.51205354598857,25,53.9,,,0.05
981,-84.58936136215553,-59.14044272734148,34,53.87,,,0.05
982,-59.2191335970464,-59.45755230650144,31,53.58,,,0.05
983,-76.8965848442603,-59.5037277554285,48,53.55,,,0.05
984,-78.85816508157052,-59.97054019386565,53,52.92,,,0.05
985,-84.59808868051218,-60.0509083637714,27,52.71,,,0.05
986,55.67924339919352,-58.69249648143444,333,55.71,,,0.05
987,-84.04351124270316,-58.6472850592981,83,56.32,,,0.05
988,-33.82825618384913,-58.705307261618266,106,56.96,,,0.05
989,-82.50824578401655,-58.59288510601726,44,57.12,,,0.05
990,-88.57180171404671,-58.58658992770043,19,57.04,,,0.05
991,-83.15978558206757,-59.61445441858555,26,55.48,,,0.05
992,-68.08134498685473,-59.499589228421854,37,55.53,,,0.05
993,-75.34452994366247,-59.61261341381977,57,55.3,,,0.05
994,-26.01873114257805,-59.05615886794817,39,55.3,,,0.05
995,-26.53500474334744,-58.54086105031012,52,55.31,,,0.05
996,-83.60868242945261,-58.55344677849369,25,55.22,,,0.05
997,-81.78120101193466,-59.170090927471435,33,55.03,,,0.05
998,-97.99999999999869,-60.073684571049874,2,54.17,,,0.05
999,-81.18281085067504,-60.06624578200018,43,54.17,,,0.05
1000,-80.40169420592512,-60.20803966244339,34,54.03,,,0.05
1001,-48.61052083657353,-59.93921368009984,143,54.95,,,0.05
1002,-82.64498347512107,-59.89427663042132,29,55.02,,,0.05
1003,-54.571758498106696,-59.675089998470185,20,54.6,,,0.05
1004,-102.16520754254371,-60.519580993486834,21,53.19,,,0.05
1005,-14.891313822437311,-59.83103195842254,69,53.54,,,0.05
1006,-82.99999999999935,-60.14729360155385,17,52.22,,,0.05
1007,-46.17782384563187,-59.81214829899395,106,52.8,,,0.05
1008,-19.45374341305392,-59.32254291394782,49,52.86,,,0.05
1009,-29.031611914285726,-59.49844143837814,14,52.33,,,0.05
1010,-18.424969673249063,-59.25120390798454,52,52.82,,,0.05
1011,-68.69620421939626,-60.188370228737064,76,51.63,,,0.05
1012,-82.16467588626017,-60.28781259970876,35,51.52,,,0.05
1013,-84.73254750817256,-60.88461711267642,25,51.31,,,0.05
1014,-32.27849183600619,-61.175889435394225,26,50.48,,,0.05
1015,-82.49899314763942,-61.85943990104488,34,49.89,,,0.05
1016,-104.99999999999825,-62.5258133031724,7,48.69,,,0.05
1017,35.733840532619304,-61.35429539442116,262,50.99,,,0.05
1018,-72.76765778363162,-61.320271312260644,47,50.97,,,0.05
1019,-89.19449047435197,-61.84426793007984,19,50.19,,,0.05
1020,-73.46510504230973,-62.408331935693575,48,50.0,,,0.05
1021,-91.52010805798538,-62.34353301627343,24,50.22,,,0.05
1022,84.12467728638846,-60.75319438183693,452,54.17,,,0.05
1023,-95.05401652706955,-60.79376068741677,7,54.05,,,0.05
1024,-68.53924779044522,-61.32319451761698,74,54.32,,,0.05
1025,-93.60279206936333,-61.402859355741896,9,54.13,,,0.05
1026,-31.54882852385168,-60.93936743215169,50,54.2,,,0.05
1027,-80.05711303890537,-60.82764551352301,38,54.44,,,0.05
1028,19.1302151109281,-60.42039701805867,222,56.09,,,0.05
1029,-71.78264023689825,-60.78928500861791,51,56.41,,,0.05
1030,102.4480792060732,-58.97023350402885,486,60.93,,,0.05
1031,-49.209413882086686,-58.802559218066996,112,61.21,,,0.05
1032,-33.63521741431097,-58.965961571260685,16,60.78,,,0.05
1033,-93.99999999999896,-59.62860717212627,6,60.44,,,0.05
1034,-77.95951018398176,-59.44809757451912,57,60.51,,,0.05
1035,-25.388107181000887,-59.376170650418445,105,61.25,,,0.05
1036,-75.45035173528758,-59.871093917246036,49,60.73,,,0.05
1037,-67.35390403749544,-59.701840548146755,51,60.94,,,0.05
1038,-78.20186454196578,-59.68628105019272,51,61.14,,,0.05
1039,-81.5016834565017,-59.81165404236348,40,61.29,,,0.05
1040,105.84436940697525,-57.92422939952763,435,65.16,,,0.05
1041,-78.5916830741632,-57.832861237361264,44,65.27,,,0.05
1042,-89.70899937137618,-58.53149600204311,19,64.91,,,0.05
1043,-74.04433782842925,-58.489418602876675,60,65.15,,,0.05
1044,-15.112840691487758,-58.32173347101903,70,65.4,,,0.05
1045,29.053799976737075,-57.0848226961637,329,68.18,,,0.05
1046,-74.00034810213221,-57.647760979160076,63,67.2,,,0.05
1047,-33.648590082435405,-57.263459947891654,53,67.17,,,0.05
1048,-51.646875995773534,-56.95875831871786,48,67.39,,,0.05
1049,-82.9637213256821,-57.00620849862736,25,67.16,,,0.05
1050,-88.9999999999991,-57.45620849862735,11,67.1,,,0.05
1051,-80.81377654174497,-57.5224984292692,28,66.83,,,0.05
1052,-68.25837278493947,-57.20409450987876,38,67.05,,,0.05
1053,-11.536169139963306,-56.56428070881185,74,67.39,,,0.05
1054,91.88959895147723,-54.824687703868904,514,72.15,,,0.05
1055,-71.50491670866282,-55.09643628286556,51,71.93,,,0.05
1056,-22.48192717713528,-54.46532509465633,167,73.33,,,0.05
1057,-81.11287231866439,-54.47386624036696,32,73.16,,,0.05
1058,-82.86715562776621,-54.487863715028205,33,73.11,,,0.05
1059,-31.939896947878147,-54.53292131583535,99,73.75,,,0.05
1060,-16.91073412856056,-54.021444044698946,66,73.8,,,0.05
1061,-70.93319308846465,-54.002199757020406,61,73.83,,,0.05
1062,-32.40878117964557,-53.594535356871994,34,73.62,,,0.05
1063,23.870692903725704,-52.65342056137287,285,75.8,,,0.05
1064,-88.03347497661271,-53.377271221344856,30,75.47,,,0.05
1065,-76.8667273590441,-53.834099836516835,37,75.65,,,0.05
1066,-39.482342928497395,-53.470502950683205,86,76.14,,,0.05
1067,-94.46356534529646,-53.65379874626128,55,76.2,,,0.05
1068,-21.313487134918518,-53.69069589947788,55,75.38,,,0.05
1069,-54.45787285420932,-53.45936607631845,85,75.63,,,0.05
1070,-30.862465953195912,-52.977181890380486,36,75.66,,,0.05
1071,-70.36025830603158,-52.668309124211,40,75.74,,,0.05
1072,-18.499625129238726,-52.57882254341057,43,75.85,,,0.05
1073,-73.32393898579242,-53.05640306367053,46,75.85,,,0.05
1074,-73.05926524614233,-52.989961369253564,66,76.35,,,0.05
1075,-73.96885207273188,-53.55061866867774,48,76.14,,,0.05
1076,-75.46645806577182,-53.48459944992392,61,76.44,,,0.05
1077,77.60229505328816,-52.717820820476554,366,79.0,,,0.05
1078,-43.1153971910672,-52.08987177533083,21,79.14,,,0.05
1079,-49.890872726124066,-51.80948217855139,85,79.49,,,0.05
1080,-24.506619308029226,-51.23581434852777,55,79.79,,,0.05
1081,-86.81405716073324,-51.25806130651354,46,79.91,,,0.05
1082,-85.3739708673966,-51.51960967921705,49,80.09,,,0.05
1083,73.95933453270037,-50.011050485447434,450,84.11,,,0.05
1084,-20.117081889485696,-49.423639653526585,49,84.07,,,0.05
1085,53.506087307439856,-48.04259789364706,292,86.72,,,0.05
1086,-63.167175212300165,-49.231062079762005,78,84.17,,,0.05
1087,-47.70432475082132,-48.86767021484318,75,84.09,,,0.05
1088,-40.58854082026442,-48.93527306120733,53,83.56,,,0.05
1089,-11.878883899338605,-48.228979442360554,76,83.88,,,0.05
1090,22.31781001537603,-47.12008332506632,295,86.64,,,0.05
1091,-38.727831148922405,-46.675763780734876,43,86.81,,,0.05
1092,-68.00183183400257,-46.67496864920635,70,87.14,,,0.05
1093,54.77047190017822,-45.373818630767936,292,89.49,,,0.05
1094,-75.04909996534049,-45.86412231899556,43,89.53,,,0.05
1095,13.493257974338713,-45.46383969181869,264,91.65,,,0.05
1096,-82.90790287285698,-45.45683189625274,35,91.75,,,0.05
1097,-22.62263465728247,-44.86524623270621,179,93.21,,,0.05
1098,-12.523623730707138,-44.0104824700133,187,95.06,,,0.05
1099,-13.350454767805108,-43.3321589091846,71,95.34,,,0.05
1100,32.90059328191786,-42.19913603430618,305,98.05,,,0.05
1101,-59.93101976800185,-42.312341023620455,37,96.99,,,0.05
1102,-76.64066773965088,-42.252297866265764,43,97.13,,,0.05
1103,-17.417538192488536,-41.88075566320959,60,97.53,,,0.05
1104,-16.046618041413925,-41.01956976819829,82,98.14,,,0.05
1105,-70.44199238984856,-41.57507655387241,41,97.86,,,0.05
1106,-34.92421523570749,-41.09431870622949,132,99.01,,,0.05
1107,-24.010042330491167,-40.87264089107808,61,98.56,,,0.05
1108,-27.228386048128147,-40.95038731742882,165,99.72,,,0.05
1109,-58.57956242412661,-41.245866822527226,85,100.43,,,0.05
1110,-86.85390635158976,-41.93015618931064,29,100.2,,,0.05
1111,-69.04812140186158,-41.93367536113529,66,100.1,,,0.05
1112,-52.507891458519104,-41.63710751685787,86,100.61,,,0.05
1113,-65.88513094216674,-41.44863335119781,69,101.05,,,0.05
1114,-107.63362169908382,-42.202184649828595,25,101.04,,,0.05
1115,-82.34124872824043,-42.2006072056346,39,101.09,,,0.05
1116,-89.7244597013995,-42.04785180264861,37,101.39,,,0.05
1117,-78.63541261365869,-43.1915443341114,73,99.5,,,0.05
1118,-67.80948597580814,-43.14196261603316,73,99.76,,,0.05
1119,-70.28235403593936,-42.95284125164903,55,100.12,,,0.05
1120,-28.58463019169559,-42.5040365031429,39,100.03,,,0.05
1121,81.59268897439277,-40.77290853281911,356,103.35,,,0.05
1122,-70.86929294638625,-42.32284823514686,61,99.44,,,0.05
1123,-81.33873165775123,-42.18569538645367,38,99.75,,,0.05
1124,-75.58500923142805,-42.2561530008635,45,99.46,,,0.05
1125,-83.71211417535244,-42.157246221923394,33,99.7,,,0.05
1126,-70.37914975472253,-42.5455494342321,63,99.83,,,0.05
1127,-74.91360691422055,-42.49411437298526,50,99.95,,,0.05
1128,-98.99999999999865,-43.67541652409452,1,97.74,,,0.05
1129,-69.12683785572436,-43.648858500282785,47,97.7,,,0.05
1130,-70.12047242429976,-45.37454401658651,56,93.4,,,0.05
1131,-13.988153920826374,-45.02233141697391,81,93.09,,,0.05
1132,-84.75557379666542,-45.53353498079745,32,93.25,,,0.05
1133,-70.13495702786419,-45.2948845510761,71,93.9,,,0.05
1134,-90.13342495895958,-45.41662369882589,23,93.56,,,0.05
1135,-62.80577841412998,-45.79080041115718,47,92.98,,,0.05
1136,1.9195787044126158,-45.01710110676018,188,94.37,,,0.05
1137,-28.034423051274075,-44.62390629689796,171,95.57,,,0.05
1138,-28.736484337074025,-44.12925249484904,23,95.29,,,0.05
1139,-90.9999999999991,-44.22423566028401,9,94.98,,,0.05
1140,-62.821762764618924,-45.91089698199996,86,91.49,,,0.05
1141,-18.34542183929707,-45.3084343696513,59,91.64,,,0.05
1142,-31.715747898224077,-44.72850185491978,28,91.73,,,0.05
1143,35.73511631342095,-43.63070731350128,290,94.03,,,0.05
1144,-22.846633093270842,-43.70804523751911,54,93.87,,,0.05
1145,-14.756647206482915,-44.146149709351306,50,91.08,,,0.05
1146,-83.91919439750733,-44.245338172305054,32,90.77,,,0.05
1147,-92.82160932029304,-44.83706836468362,32,90.56,,,0.05
1148,-70.2821439914846,-45.023421044640735,66,90.74,,,0.05
1149,-67.3349716124376,-44.86713354750828,61,91.1,,,0.05
1150,-18.60478367355645,-44.16318138424386,70,91.69,,,0.05
1151,-58.385670907995866,-43.93890032790637,45,91.86,,,0.05
1152,-42.62926722701899,-43.68260927232717,6,91.54,,,0.05
1153,-86.19043521877983,-44.429151933115335,27,91.07,,,0.05
1154,-79.10186131832978,-46.1390665358134,46,86.39,,,0.05
1155,-77.02864400389073,-46.19430380876569,2,85.9,,,0.05
1156,46.763290124154345,-45.50185163575279,312,87.35,,,0.05
1157,-78.15621854455367,-45.47228509801168,27,87.3,,,0.05
1158,-65.21358192245607,-45.29574936095859,81,87.78,,,0.05
1159,-18.316402851527585,-45.15951441999508,158,88.37,,,0.05
1160,-65.65795683167721,-45.64698664702624,66,88.37,,,0.05
1161,-71.80961167440383,-45.65575083288563,56,88.32,,,0.05
1162,98.26536897915213,-44.349009331297665,442,92.4,,,0.05
1163,-33.24932405013307,-44.92020950083625,45,90.0,,,0.05
1164,-66.86403774552882,-44.708515128525406,72,90.42,,,0.05
1165,-59.77743610775151,-44.53762221601249,79,90.84,,,0.05
1166,147.63532818688054,-42.666445504858714,586,95.84,,,0.05
1167,-2.2949193161167534,-41.744759044566905,194,97.23,,,0.05
1168,-71.72688472364587,-42.248893020454176,64,97.32,,,0.05
1169,-72.83521777825167,-42.4326664696946,61,97.08,,,0.05
1170,-3.264742736453776,-42.15668923752718,250,99.22,,,0.05
1171,48.319347123164135,-40.96989318323523,327,102.09,,,0.05
1172,-17.902677144486844,-40.96392370338771,126,102.92,,,0.05
1173,-73.32204437512317,-40.963904757281014,23,102.69,,,0.05
1174,-66.55521694125318,-40.898864274232125,71,102.74,,,0.05
1175,78.77712400129694,-39.37140451349183,312,105.38,,,0.05
1176,-16.138991792070154,-38.778129850754816,186,106.63,,,0.05
1177,-17.974250578582915,-39.733895307073524,65,103.62,,,0.05
1178,-64.94041513381435,-39.952145486500996,71,104.12,,,0.05
1179,-56.64859665592319,-40.019722725798985,31,103.58,,,0.05
1180,-74.55786222538892,-40.52023515497259,45,103.48,,,0.05
1181,-12.400942637814094,-39.77610400974339,69,103.71,,,0.05
1182,-68.78064867937836,-39.61017078786321,54,103.76,,,0.05
1183,-86.00816836841427,-41.209845816874356,27,99.53,,,0.05
1184,148.31147163526188,-39.52556028162689,557,104.61,,,0.05
1185,-29.079149089860408,-40.351412645599886,139,103.08,,,0.05
1186,-76.29325776189962,-40.48267347109588,56,102.86,,,0.05
1187,-67.36324653287984,-40.67926268891646,62,102.73,,,0.05
1188,-70.11812945925179,-40.97455857530634,66,102.86,,,0.05
1189,68.43173598155472,-40.171452376497406,295,105.05,,,0.05
1190,-49.41174233484347,-40.8887478999996,38,102.48,,,0.05
1191,-76.52269633839781,-41.266696551894356,33,102.38,,,0.05
1192,47.965321142333906,-40.107025022131005,284,104.52,,,0.05
1193,-80.77442042355293,-41.4624739453683,39,101.99,,,0.05
1194,-78.68801935018571,-41.49886313921675,34,101.9,,,0.05
1195,-52.887871042703466,-42.16267442938718,41,99.67,,,0.05
1196,-35.7671269480787,-41.69126667013939,129,100.61,,,0.05
1197,-3.02344845702901,-41.495274808136855,140,100.22,,,0.05
1198,-44.885052307498874,-41.81888909390478,121,99.56,,,0.05
1199,52.59688432923188,-41.1594157029344,314,101.99,,,0.05
1200,-98.13181026816221,-42.46973973843521,25,99.19,,,0.05
1201,-66.00353232763275,-42.53046486403151,85,99.67,,,0.05
1202,-62.20176359690054,-42.386075822604006,70,99.94,,,0.05
1203,3.8016153244424213,-42.1738842874347,120,100.54,,,0.05
1204,-78.50705030208306,-42.798488610041396,36,100.08,,,0.05
1205,-67.45961452731542,-42.76866483141606,68,100.35,,,0.05
1206,-40.37412016057193,-42.82316388066471,28,99.31,,,0.05
1207,55.41092395469442,-42.02895421781285,268,101.38,,,0.05
1208,39.11870999432386,-41.365483257388334,252,102.25,,,0.05
1209,-72.44060694932212,-41.50409370264028,50,101.9,,,0.05
1210,-31.641501737298405,-40.95196965649737,30,101.91,,,0.05
1211,11.984189969615857,-40.141646542782595,222,103.47,,,0.05
1212,-49.84536797341495,-40.115021307931556,46,103.07,,,0.05
1213,-90.67780728710434,-40.36294807138093,29,102.67,,,0.05
1214,-42.46049587411908,-39.71121681313129,3,102.45,,,0.05
1215,-78.0625042411634,-39.66842936826051,58,102.64,,,0.05
1216,-66.67655532848813,-39.4379503245314,75,103.02,,,0.05
1217,-84.82060352772292,-39.49980223367205,30,102.59,,,0.05
1218,-64.46579129334974,-39.46636528684746,11,101.97,,,0.05
1219,-79.65715988275318,-39.5601133453156,42,101.84,,,0.05
1220,-13.459906651495473,-39.4088661099136,200,103.45,,,0.05
1221,-71.30281561764338,-40.937821155833966,56,100.45,,,0.05
1222,-87.58731720310533,-41.10500139840116,33,100.17,,,0.05
1223,-74.05956335965915,-41.03220971542023,61,100.4,,,0.05
1224,-89.96375097409569,-41.1759971328469,78,100.73,,,0.05
1225,-81.84554642061978,-41.15733145529957,32,100.72,,,0.05
1226,-54.68353813220806,-41.00037533907444,39,100.48,,,0.05
1227,55.61458090080529,-39.69509346092418,304,103.02,,,0.05
1228,-44.13720100175104,-39.146465470941706,120,104.21,,,0.05
1229,-88.06347715667995,-39.335831863951256,31,104.05,,,0.05
1230,-21.598652809423605,-38.8506136678025,57,104.06,,,0.05
1231,-3.8770405958859446,-38.749502534553095,263,105.88,,,0.05
1232,7.19191606284077,-37.830027635958025,247,108.03,,,0.05
1233,-67.68022849047384,-37.80548035058412,64,107.96,,,0.05
1234,62.03565281118947,-36.28378957288263,272,110.45,,,0.05
1235,-69.95165169607046,-36.35524830570204,90,110.88,,,0.05
1236,26.630817593905466,-36.10813591680711,243,111.43,,,0.05
1237,-93.2155793246304,-36.75994747954067,79,110.51,,,0.05
1238,-30.262177611999007,-36.77520441228992,35,110.63,,,0.05
1239,-60.059811431003745,-36.465802526599965,51,111.05,,,0.05
1240,-26.089978744542833,-36.0984846863992,61,110.8,,,0.05
1241,14.13563438708055,-35.77367412413543,248,112.69,,,0.05
1242,-68.83845265259694,-36.14490117167916,54,112.95,,,0.05
1243,8.557075234219782,-36.41668158247118,229,112.34,,,0.05
1244,-90.92066855152805,-37.09742193705375,9,111.89,,,0.05
1245,-56.85244689652679,-37.5183799339542,115,112.54,,,0.05
1246,24.89401799318919,-36.43024781004723,211,114.33,,,0.05
1247,-72.73144543217148,-36.229346171166014,51,114.52,,,0.05
1248,-67.793571818566,-36.20446044943682,75,114.61,,,0.05
1249,24.239152353127288,-35.28871920978116,198,115.98,,,0.05
1250,-24.898796671387103,-35.35165933975947,52,115.8,,,0.05
1251,-87.3094149167189,-35.640896779846706,63,115.98,,,0.05
1252,-37.738514455639134,-35.591989252132905,23,116.15,,,0.05
1253,-58.31372775444603,-35.31322217748957,88,116.76,,,0.05
1254,-62.95696167151498,-35.15177318102142,66,116.96,,,0.05
1255,85.20508302266573,-33.52943591075585,320,120.14,,,0.05
1256,18.75730198868372,-33.80949579211056,309,120.11,,,0.05
1257,-97.99999999999865,-34.00793360666501,2,119.86,,,0.05
1258,-68.86078618856808,-34.04440564932613,57,119.62,,,0.05
1259,-26.853239670731693,-34.12977401751817,143,119.47,,,0.05
1260,-38.47246517544012,-33.8579191009558,123,120.04,,,0.05
1261,-7.336474973967669,-33.21318773395144,85,120.33,,,0.05
1262,34.40830505118079,-33.85175837323115,244,118.35,,,0.05
1263,-72.70198360491368,-34.24628496877895,56,118.46,,,0.05
1264,-86.5949756400321,-34.44359434772399,28,118.02,,,0.05
1265,-17.316786705125345,-34.01898785369772,63,117.86,,,0.05
1266,-76.89295538942419,-36.26427068946078,45,112.45,,,0.05
1267,72.1622742860388,-35.51969875343922,368,114.19,,,0.05
1268,-55.9792651360747,-35.36222255756351,111,114.66,,,0.05
1269,-65.78609914765596,-35.291731371257555,79,114.84,,,0.05
1270,-21.280997769127683,-35.4718939215843,170,114.04,,,0.05
1271,-72.7448725699762,-36.68253611851569,44,111.21,,,0.05
1272,8.877662042520832,-36.41473272664562,192,111.87,,,0.05
1273,-68.46405603991869,-36.36615284329357,71,112.35,,,0.05
1274,41.30085767756426,-35.287592097105396,239,114.03,,,0.05
1275,-5.790228622117557,-36.13326562333954,62,111.53,,,0.05
1276,-33.15908809860778,-36.30346658640492,6,109.73,,,0.05
1277,85.01247699851986,-35.273599310633884,399,113.07,,,0.05
1278,-83.79962561385906,-35.46219141543433,34,112.7,,,0.05
1279,-33.485017751691,-35.23055562639202,137,113.76,,,0.05
1280,-21.813166005462108,-34.70310866419275,233,115.64,,,0.05
1281,129.04573314979206,-33.28864190631669,465,119.6,,,0.05
1282,-58.8046590437942,-33.18888200996085,56,119.62,,,0.05
1283,0.2011691229409127,-32.32678863504729,182,121.17,,,0.05
1284,70.9298568038394,-33.100604783361526,261,118.21,,,0.05
1285,-64.99713484891666,-33.45978464095208,65,117.47,,,0.05
1286,-40.78112775986098,-33.104663340931694,59,117.5,,,0.05
1287,-95.80000000000027,-33.389030875602906,5,116.93,,,0.05
1288,-50.49789707265375,-33.19282855173692,47,116.74,,,0.05
1289,-70.57872205938038,-34.582933132146266,65,114.44,,,0.05
1290,-78.16349620827255,-34.87045067088056,35,114.41,,,0.05
1291,-93.9881722257397,-35.04510542975398,53,114.61,,,0.05
1292,-26.580526246310697,-35.790563903640425,67,112.44,,,0.05
1293,-35.74027631987338,-35.340222462603634,23,112.28,,,0.05
1294,-23.820710027488293,-34.79154936937666,29,112.23,,,0.05
1295,91.44199664628294,-33.34825069248679,431,116.13,,,0.05
1296,3.991752072004823,-32.95066190228596,214,116.98,,,0.05
1297,-10.759041809733459,-33.028017835813,192,117.5,,,0.05
1298,-64.07222430405453,-33.219889555778565,86,117.15,,,0.05
1299,-68.35215643823766,-34.42937996345325,68,114.69,,,0.05
1300,43.79575303069996,-33.010104330464635,256,117.0,,,0.05
1301,36.757745733947296,-31.98249154984883,171,117.86,,,0.05
1302,-32.7813731819391,-31.68828764569922,16,117.32,,,0.05
1303,-13.525403065751004,-31.861557829601157,60,116.72,,,0.05
1304,-65.24798478130705,-31.728967174393397,78,117.14,,,0.05
1305,-70.36698376681082,-31.758040866788352,51,116.97,,,0.05
1306,-63.734661955224226,-31.99164628473487,71,117.4,,,0.05
1307,-69.29099516054981,-33.2386654758873,67,115.39,,,0.05
1308,-84.43707265946594,-34.47422330242521,22,113.09,,,0.05
1309,130.48154959135687,-32.44500173701842,453,117.12,,,0.05
1310,-29.886199073452563,-32.42744871037997,39,117.21,,,0.05
1311,-76.73279841769875,-33.31461859425311,54,115.53,,,0.05
1312,65.57249624353447,-32.160439952083614,294,118.01,,,0.05
1313,-66.42391361319744,-31.91790101534454,94,118.66,,,0.05
1314,-40.7685265314814,-31.900981321918167,42,119.05,,,0.05
1315,1.5090880896179528,-31.105265398610353,179,120.26,,,0.05
1316,-1.35452541379355,-30.452045099463405,176,121.27,,,0.05
1317,170.30997008198938,-27.900739363366284,541,126.38,,,0.05
1318,-87.98941875969659,-28.13597563802975,84,127.11,,,0.05
1319,-48.93740712429909,-27.82877811044521,97,127.66,,,0.05
1320,-104.99999999999976,-28.744179043930252,2,125.68,,,0.05
1321,-86.84436091720094,-28.89959449692583,22,125.34,,,0.05
1322,75.41140709077516,-27.269607253987022,339,128.4,,,0.05
1323,-27.280183685604435,-26.801813457246475,47,128.26,,,0.05
1324,-16.587990241592074,-26.068055849921443,80,128.28,,,0.05
1325,-67.31372736591969,-25.922737659374437,60,128.56,,,0.05
1326,-96.40184126029617,-26.339920690655326,35,128.52,,,0.05
1327,-22.11320943323695,-27.11719859399575,169,127.17,,,0.05
1328,-69.47223790696401,-27.370548963047877,54,126.51,,,0.05
1329,103.71313513779907,-25.45278284010309,474,130.94,,,0.05
1330,-40.274306724611264,-25.639539379254966,147,131.84,,,0.05
1331,-98.99999999999864,-26.59076897329609,1,129.22,,,0.05
1332,-83.96745326773899,-27.50236266660189,37,127.12,,,0.05
1333,-38.318494539191555,-27.208745327089062,12,126.6,,,0.05
1334,-26.161389260862673,-28.090715747809586,43,124.31,,,0.05
1335,-16.72799843113827,-27.558479215160265,45,123.86,,,0.05
1336,15.343397150436624,-27.67135341959495,211,123.54,,,0.05
1337,-68.91295439234013,-27.428327170272045,59,123.34,,,0.05
1338,-28.801187586069236,-27.41371727001275,143,124.42,,,0.05
1339,-9.29454383812327,-26.90606459408395,247,126.38,,,0.05
1340,155.81280381384954,-25.08703676850002,551,131.28,,,0.05
1341,-68.16524427854367,-25.910045555156266,58,129.38,,,0.05
1342,166.3859194681726,-23.55780183394857,613,134.97,,,0.05
1343,103.83134779502815,-22.60505910834048,426,136.94,,,0.05
1344,-65.25154057248162,-22.34836782855002,87,137.72,,,0.05
1345,-49.57138159916338,-22.275557175576388,88,137.45,,,0.05
1346,13.359741076070994,-22.390899944747574,154,136.88,,,0.05
1347,-83.03401563506779,-22.493925646776532,22,136.59,,,0.05
1348,-21.90944048053234,-22.0350843333962,56,136.4,,,0.05
1349,-16.197791079945574,-22.439453767726928,127,135.69,,,0.05
1350,20.623116552346445,-21.98423463548959,256,137.73,,,0.05
1351,-73.7989721699821,-21.84913020802222,43,137.53,,,0.05
1352,-69.18323493931425,-22.163577412858977,77,138.07,,,0.05
1353,76.18344244575042,-20.81860571085701,329,140.48,,,0.05
1354,-25.546861060167327,-20.444504704743533,136,141.18,,,0.05
1355,-25.29609316205734,-21.549516466590767,149,139.47,,,0.05
1356,-69.15094258040182,-22.42859891228163,74,137.12,,,0.05
1357,16.75242219527145,-21.281074690328925,184,138.94,,,0.05
1358,-35.2054156016715,-20.944520984459956,45,138.82,,,0.05
1359,-53.31999385302681,-21.209188526282905,94,138.33,,,0.05
1360,104.51225818465292,-19.779341292681977,469,141.79,,,0.05
1361,81.67806783899604,-18.88919586455234,404,144.98,,,0.05
1362,-29.12334992746955,-19.52451241433884,41,142.95,,,0.05
1363,8.981088216249109,-18.70768169612721,222,144.61,,,0.05
1364,-34.911826519759956,-18.190850204924487,70,145.03,,,0.05
1365,-42.52065507857886,-18.442888888659024,90,145.3,,,0.05
1366,83.95620362413108,-16.834397298523466,429,149.14,,,0.05
1367,-70.54474370144332,-18.261467478398288,61,146.07,,,0.05
1368,10.79925714022931,-17.59368225563525,232,147.28,,,0.05
1369,-103.22771921083785,-17.96809845626707,43,146.92,,,0.05
1370,-82.18164961420811,-18.577104974717876,42,145.64,,,0.05
1371,63.83664373164385,-17.211289811701675,364,148.84,,,0.05
1372,96.68760789763743,-16.33319035315051,397,150.89,,,0.05
1373,-18.66586272345428,-15.835208419985863,63,150.81,,,0.05
1374,150.87134219423905,-14.739503574819118,530,153.72,,,0.05
1375,125.68522676323403,-13.424749020965596,498,158.08,,,0.05
1376,-66.42151184224738,-13.757373258401996,66,158.68,,,0.05
1377,-17.388827394806572,-14.781386302335259,163,156.32,,,0.05
1378,-22.50445495221179,-14.168434595718791,33,156.31,,,0.05
1379,-79.81593294351825,-14.631743747637058,42,155.36,,,0.05
1380,-71.11835561545475,-15.124795643736986,48,153.51,,,0.05
1381,130.85224332744772,-15.106730541960427,519,154.05,,,0.05
1382,-72.30839969076855,-15.241767948430173,46,153.95,,,0.05
1383,-9.760467668933495,-15.341384316348915,159,153.72,,,0.05
1384,-47.06450221466984,-16.52132790653401,87,151.98,,,0.05
1385,-27.09743726880892,-16.142330930732932,77,152.1,,,0.05
1386,-68.25108393308474,-16.417030492465173,52,152.03,,,0.05
1387,-98.99999999999866,-16.449030492465155,1,151.99,,,0.05
1388,-30.175751745561225,-16.24580903919423,34,151.86,,,0.05
1389,-57.05537657279002,-16.110575584328327,64,151.85,,,0.05
1390,72.77056854466156,-14.601234936798985,358,155.08,,,0.05
1391,-31.77607106879971,-13.979113925229587,190,156.45,,,0.05
1392,106.77531563421647,-12.645555506424314,398,159.76,,,0.05
1393,-63.88447640982903,-12.926997507323872,81,160.34,,,0.05
1394,36.367066321626005,-12.325119743832726,265,162.7,,,0.05
1395,72.17265340389656,-12.51781317625659,381,162.2,,,0.05
1396,-33.15082053218748,-12.889238902298516,24,160.3,,,0.05
1397,141.98557674895082,-11.361792716711674,458,162.96,,,0.05
1398,-66.65965932944802,-11.387667066965605,72,162.82,,,0.05
1399,-71.79236504073121,-11.422069152990543,56,162.7,,,0.05
1400,146.41038407618325,-10.395922842535713,447,164.61,,,0.05
1401,-1.8602742021263243,-10.782103041896447,202,164.92,,,0.05
1402,-84.02869385303366,-11.294576248607394,29,165.05,,,0.05
1403,-35.4217202449082,-11.513539420398963,54,164.99,,,0.05
1404,-80.9051284439431,-11.670110857025323,29,164.5,,,0.05
1405,45.650188004947424,-10.509939139307741,283,166.82,,,0.05
1406,103.66581367193012,-8.835934383036198,481,170.92,,,0.05
1407,-7.470270034360505,-8.217727131774307,83,171.08,,,0.05
1408,7.340146957120835,-7.299954935608439,217,173.03,,,0.05
1409,28.854806356081873,-8.316222367961187,163,170.13,,,0.05
1410,121.52188391422274,-6.802141538084435,464,174.38,,,0.05
1411,-79.2400888958468,-6.827214442865914,37,174.21,,,0.05
1412,-70.94266979495498,-8.19236610325081,69,171.96,,,0.05
1413,-75.02028920643025,-8.278329859183138,42,171.44,,,0.05
1414,-73.28437084076643,-8.603488302275986,57,171.59,,,0.05
1415,33.80418488299718,-8.280537334342194,203,171.83,,,0.05
1416,-5.164789510697608,-8.318639975311235,171,171.78,,,0.05
1417,-29.951968515706437,-10.321259361288192,28,166.65,,,0.05
1418,16.132753033908116,-9.280037643352145,248,168.29,,,0.05
